,TIME,A1,A1.1,B1,B1.1,C1,C1.1,D1,D1.1,Unnamed: 9,Unnamed: 10,Unnamed: 11,TIME.1,1,2,3,4,5,6,7,8
0,0.0,1.0,1.0,1.0,1.0,1.0,1.0,1.0,1.0,,,,0.0,1,1.0,1.0,1.0,1.0,1.0,1.0,1.0
1,0.5,1.0053623062618235,1.0086210585825606,1.0048027650199145,1.0103832494243454,1.0122964920180173,1.015172384325328,1.005854431690176,0.9977120601212409,,C1_4 removed,,0.5,1,1.003241371096211,0.9994434431861787,1.0049941629313626,1.0068972008528714,1.0097577539981388,1.0004895005763468,0.9923905580178075
2,1.0,1.016456969484613,1.017924856858034,1.007056020311088,1.0237503947548419,1.0065960419130369,0.9950018954401663,1.0079191563640122,0.9950175622398297,,D2_4 removed,,1.0,1,1.001444121509802,0.9907512571060517,1.007175340903931,0.9902987259986262,0.9788922948156621,0.991600418535248,0.9789077079616523
3,1.5,1.0187997086527143,1.0243948265081317,1.0159009368381346,1.0132883496015244,0.9960673128782144,1.0071405395383333,1.0121140090261085,0.9887834739325289,,,,1.5,1,1.0054918722570274,0.9971547186459122,0.9945903409626232,0.9776870806092379,0.9885559752173473,0.9934376702605784,0.9705376488967791
4,2.0,1.023130084044959,1.0205606406947076,1.0374076193888988,1.0228239118450948,1.0066293585880326,1.018316021728375,1.022457893799712,0.9937376949929568,,,,2.0,1,0.9974886445132245,1.0139547605593742,0.999700749489592,0.9838723093825072,0.9952947700476644,0.9993430060793544,0.9712720899225258
5,2.5,1.0204791411844945,1.0461555307351655,1.0323307141882223,1.0410031847908123,0.9993610455498324,1.032849903277546,1.0346033649405397,1.002962192481017,,,,2.5,1,1.0251611115939792,1.0116137337113735,1.0201121637650479,0.9793057057392179,1.0121225036297092,1.0138407765391961,0.9828345842687729
6,3.0,1.0370994979375847,1.0374314906148936,1.0234785135972506,1.0340734439059494,1.008392503418258,1.038582209731908,1.034290432995074,1.0035659272059159,,,,3.0,1,1.0003201165153093,0.9868662704326622,0.9970821950664781,0.9723199224602705,1.0014296716923226,0.9972914219435098,0.9676660042760072
7,3.5,1.0311186077585814,1.0357823581290515,1.0403934270757418,1.0345988799136685,1.0027646242885158,1.03818715609233,1.0325389974807995,1.0049928101426049,,,,3.5,1,1.0045230008801878,1.0089949102337719,1.0033752394039832,0.9725017245768643,1.0068552233279098,1.0013775231205513,0.9746626649743348
8,4.0,1.0359345775866178,1.0541527905518362,1.0352385474490644,1.032994897873084,1.012461096184581,1.0488194524518728,1.0386671576912057,1.0095909266647676,,,,4.0,1,1.0175862582052824,0.9993281138089097,0.9971622921204327,0.977340768509994,1.0124379233438394,1.0026377921576417,0.9745701596492492
9,4.5,1.038313279767865,1.0539984336250783,1.0478504001638942,1.0541677315324498,1.011763425218084,1.0338346118784956,1.0353821425929994,1.0114463119367973,,,,4.5,1,1.0151063789348047,1.0091852050646617,1.0152694298277005,0.974429822802886,0.9956865928842106,0.9971770204311354,0.974124410855003
10,5.0,1.0420044845944363,1.0637963722486008,1.0496746415608904,1.0530583067604973,1.0203251509558753,1.0433061746389534,1.0374183697642594,1.0241138376253183,,,,5.0,1,1.0209134298137366,1.007360963488981,1.0106082289754859,0.9791945870108237,1.0012492173150518,0.9955987571090331,0.9828305470527017
11,5.5,1.05754049957648,1.0656117546569006,1.054118007910117,1.059137489960467,1.0281552293160352,1.057098803548266,1.0562230073733327,1.010224758009125,,,,5.5,1,1.0076321002208926,0.9967637252022652,1.00151009855852,0.9722135745418611,0.9995823365361507,0.9987541922000387,0.9552586954482557
12,6.0,1.0716713385098642,1.074733422086601,1.0529221715778192,1.0604895274062374,1.0308845577211394,1.0576488442605791,1.047290277472656,1.0248623679443682,,,,6.0,1,1.002857297257753,0.9825047416513767,0.989566007131277,0.9619409614467829,0.9869153034653488,0.9772494979000657,0.9563215242552042
13,6.5,1.0669721781558112,1.0797440879288736,1.0521680290554052,1.061657382573081,1.0329508513070198,1.0611607903790312,1.0530611557958713,1.0194533077685737,,,,6.5,1,1.0119702369326422,0.9861250842304117,0.9950188058399831,0.9681141387326566,0.994553383962809,0.9869621507994856,0.9554638149334215
14,7.0,1.0778134930010752,1.079018903950926,1.0666383932096828,1.064619341990465,1.0504846586607686,1.0820031873477245,1.0507161100979825,1.0246874757307587,,,,7.0,1,1.001118385469915,0.989631694292232,0.9877584098767661,0.9746441898178395,1.0038872164561454,0.9748589314579441,0.9507094524096262
15,7.5,1.06888342813639,1.0950413620078592,1.0736455753504697,1.0649243757669222,1.0358559993930427,1.0791748339022793,1.059242711145382,1.0332135561882072,,,,7.5,1,1.0244722045294274,1.0044552540424194,0.9962960859292483,0.9691010002831357,1.0096281834809924,0.9909805721211183,0.9666288474409473
16,8.0,1.091527435559906,1.0895756902100568,1.081983503557338,1.0762047865668642,1.0573152367710534,1.07886515218718,1.0609126376235012,1.0318995400504871,,,,8.0,1,0.9982119136118205,0.9912563517034526,0.9859621952743846,0.968656583724528,0.9883994822665809,0.971952333089364,0.9453720597697736
17,8.5,1.0987621021901408,1.0921494539868106,1.0934548291005397,1.0832490158199428,1.0583807106347818,1.102112648710227,1.0761813321370028,1.0320001545473045,,,,8.5,1,0.9939817289018712,0.995169770527194,0.9858813055717193,0.9632482850702008,1.0030493830406124,0.9794488998044908,0.9392389421606725
18,9.0,1.1015905965225843,1.1049578850694217,1.1022986704889994,1.0870835816482998,1.063478821645283,1.1020788462162117,1.0658597619834282,1.0318594112245423,,,,9.0,1,1.003056751353422,1.0006427741564337,0.9868308472130398,0.9654029591414365,1.0004432224595676,0.9675643250296904,0.9366995456223356
19,9.5,1.0998063421878692,1.1098822503215247,1.091624378778205,1.0907575732772816,1.0696777024029238,1.1099388060957203,1.0801763380793465,1.0480947440386954,,,,9.5,1,1.0091615293958127,0.992560541710109,0.9917723979545465,0.9726055045972822,1.0092129527892104,0.9821513994277644,0.9529811784442861
20,10.0,1.113971771244698,1.1114853978701977,1.1136369745105605,1.0982337201956986,1.0810452859378892,1.1047765351523007,1.0947579563464145,1.0409450453095566,,,,10.0,1,0.9977680104301727,0.9996994567162476,0.9858721275931307,0.9704422624013009,0.9917455394025623,0.9827519732597758,0.9344447248842358
21,10.5,1.1260302566138458,1.1204261970227065,1.1393064122394208,1.1177076199598288,1.0757093400494473,1.1126442203802225,1.0946243049093622,1.0536508199043058,,,,10.5,1,0.9950231713950639,1.0117902299228605,0.9926088694285671,0.9553112216400635,0.9881121877898048,0.9721091404782263,0.9357215880440045
22,11.0,1.128245571526616,1.1415934892686084,1.1308562395641002,1.1213409478291365,1.0830743044319426,1.1105564517960644,1.094312242096579,1.0388260654533021,,,,11.0,1,1.0118306848073257,1.002313918266882,0.9938802120108152,0.9599632666551905,0.9843215695439278,0.9699238088884122,0.9207446425406116
23,11.5,1.132732590285245,1.1488673259375615,1.144920517154562,1.1292176491951404,1.0871428971982657,1.1291061584894264,1.1042742428929002,1.0542445224227186,,,,11.5,1,1.0142440817812555,1.0107597565160968,0.996896936558328,0.9597524663120192,0.9967985102336419,0.9748763762635466,0.9307090936239757
24,12.0,1.129965105831714,1.1455525445229129,1.1396865879632965,1.1469691074205814,1.0836426671152875,1.1328072763473418,1.0988285843644814,1.042565004953111,,,,12.0,1,1.0137946195070562,1.0086033472019713,1.0150482537036856,0.959005425497338,1.002515272817682,0.9724447053218387,0.9226523895051858
25,12.5,1.1577795966892064,1.1524989900530422,1.1495662581838877,1.1488496109461301,1.0911742148727617,1.132431152541181,1.1088961474580306,1.0632978397926092,,,,12.5,1,0.9954390225468953,0.992905956773806,0.9922869726080745,0.9424714496550899,0.9781059847482958,0.9577782771686743,0.9183940042070375
26,13.0,1.1562048788079944,1.1706744341055504,1.1667140198017951,1.1581228448565182,1.0911128594118782,1.147639364534678,1.1093607932096754,1.07877273016151,,,,13.0,1,1.0125146983573305,1.0090893415054911,1.0016588461817435,0.943702002483138,0.992591698555928,0.9594846151777066,0.9330290417678274
27,13.5,1.1612608364528068,1.174031061243812,1.1826160317785164,1.1620487301233797,1.100005772691212,1.1509352742192949,1.1174565593821921,1.0853569430719787,,,,13.5,1,1.010996861678392,1.0183896629037636,1.0006784812213074,0.9472512446482697,0.9911083178650436,0.9622786925249116,0.9346366544034289
28,14.0,1.1561949069408484,1.1732215210021746,1.1836497103334742,1.1650373117408204,1.0993734156024297,1.155860861165607,1.1253730978291534,1.09584124339394,,,,14.0,1,1.0147264219545618,1.0237458262683996,1.007647849637539,0.9508547468966444,0.999711081779347,0.9733420300274063,0.9477997496922064
29,14.5,1.178556648241817,1.1736271479064246,1.1971425181670199,1.1627953128450637,1.119563320649906,1.170500109437886,1.1337701344669084,1.0988958980850045,,,,14.5,1,0.9958173412005725,1.015770026797549,0.9866265780094098,0.9499444276353471,0.9931640631649316,0.9619988450773905,0.932408212812128
30,15.0,1.1799154072245341,1.1862854454974292,1.199904912055545,1.1701494880623187,1.1327972977207768,1.1733242030224837,1.1520195209421469,1.097734829828205,,,,15.0,1,1.0053987245474478,1.0169414728451012,0.9917232039666407,0.9600665359438001,0.9944138332615262,0.9763577235184974,0.9303504497922956
31,15.5,1.1919800471577569,1.216635842749707,1.2029881340179602,1.1818147087803719,1.1423951390641314,1.1671867999756063,1.1472302928952676,1.0943964683959504,,,,15.5,1,1.02068473851617,1.00923512678459,0.9914718888108707,0.9584012264199729,0.9791999478168536,0.9624576314266385,0.9181332112106307
32,16.0,1.186009450303,1.2058469300655466,1.212608232185639,1.1835752035786558,1.1485920406133567,1.1817006038083182,1.1665282917649138,1.1136322425973493,,,,16.0,1,1.0167262408891249,1.0224271247382082,0.9979475317639986,0.9684510020724675,0.9963669374695276,0.983574196197923,0.938974172855739
33,16.5,1.206357135624358,1.2235865296815418,1.2287406799595726,1.195755108820909,1.152160223518604,1.1861403574466844,1.1659659009324397,1.1137811382068814,,,,16.5,1,1.0142821669871969,1.0185546582137384,0.9912115355475044,0.9550739076304263,0.983241465084707,0.966518012370347,0.9232598749709692
34,17.0,1.219434030573785,1.234997145519171,1.2424444837407598,1.2089402060164012,1.1529245278350924,1.1840235263338292,1.1717184741229498,1.11694643960125,,,,17.0,1,1.0127625722713864,1.0188697810542056,0.9913945122948176,0.9454587119342589,0.970961525304248,0.9608707357228801,0.9159547885306177
35,17.5,1.2146281933414447,1.23202518889118,1.253965460527819,1.218922707897609,1.1712526574996331,1.1979638073295922,1.182555744914353,1.1382428803397024,,,,17.5,1,1.0143228978588716,1.0323862622340072,1.0035356618426172,0.9642890424579349,0.9862802575280187,0.973594842765126,0.9371121850945958
36,18.0,1.2168513571650912,1.2327466157011309,1.2515843175017562,1.2251484512909738,1.1619553259673794,1.2009703225281096,1.1765279988504822,1.1358643581706118,,,,18.0,1,1.013062613146992,1.0285433057473699,1.0068184943682952,0.9548868225568622,0.9869490759545358,0.9668625439934171,0.9334454463007253
37,18.5,1.242424702692364,1.2560947851028317,1.2676630553836676,1.2352606486324698,1.172521330094029,1.2055184282726787,1.1888917095271776,1.13348173598614,,,,18.5,1,1.0110027451811319,1.0203137885431701,0.9942338122830545,0.9437363307032991,0.9702949608618465,0.9569124848780138,0.9123142300131815
38,19.0,1.2476582118091553,1.246675212995066,1.2729010432230976,1.2462326452680694,1.1891150134503705,1.211179170497948,1.2053200820872214,1.1427444823804287,,,,19.0,1,0.9992121249194811,1.0202321686941322,0.9988574061969915,0.9530775353340601,0.9707619915727472,0.9660659230859854,0.9159114824591285
39,19.5,1.2446965672667734,1.261548215904107,1.277070007326532,1.244666336269951,1.195846961007945,1.2215938024361437,1.2080700302916096,1.1487271806616635,,,,19.5,1,1.0135387604340695,1.0260091020664155,0.9999757121553821,0.9607538033417276,0.9814390386876691,0.9705739230440782,0.9228973638002
40,20.0,1.2727348659336373,1.2608032576019654,1.2638794007908611,1.270528855314461,1.1987455117325825,1.229562400027713,1.2164023411326998,1.1634513206158494,,,,20.0,1,0.9906252208130409,0.9930421760416848,0.9982667162830036,0.9418658542470442,0.9660789791640898,0.9557389945787227,0.9141348695294672
41,20.5,1.2698418123001274,1.2804698845501374,1.2708221014949104,1.2613988799192861,1.202311715429414,1.2383897666622663,1.2181178191420958,1.171174657450429,,,,20.5,1,1.0083696033215026,1.0007719774111135,0.9933511935903668,0.9468200714320528,0.975231524640939,0.9592673727884725,0.922299648748392
42,21.0,1.2855112453730269,1.2913662377146968,1.2757527542497138,1.2726298558792581,1.2097419936896239,1.237748090828914,1.2176166406651245,1.1790810387853876,,,,21.0,1,1.0045546021963978,0.9924088636653806,0.9899795590741559,0.9410590518316186,0.9628450122734997,0.9471847446280404,0.9172078758776198
43,21.5,1.273736988354145,1.2928160591204567,1.3012176670213011,1.2679151923312046,1.2023136946378294,1.2362833606750612,1.235231172469113,1.182192126875937,,,,21.5,1,1.0149788150463972,1.0215748454495817,0.9954293578060703,0.9439261838438052,0.9705954776994586,0.9697694137509604,0.928128913335164
44,22.0,1.2876258772430338,1.276171845898768,1.293484141410183,1.2762962833170555,1.2149413741973898,1.2463428238146668,1.240363925443495,1.1831560184104895,,,,22.0,1,0.9911045346736972,1.0045496632761781,0.9912011756472024,0.9435515359467064,0.9679386270826126,0.9632952764969803,0.9188662944113649
45,22.5,1.310106443821889,1.2830920618242492,1.3038438139724258,1.2732018781483552,1.2223409747271579,1.2428322350917973,1.2595539340795836,1.1864119020951895,,,,22.5,1,0.9793800098266576,0.9952197549451068,0.9718308646999136,0.9330089020563103,0.9486498146411394,0.9614134332513992,0.9055843574314059
46,23.0,1.3090703741921381,1.2820341142221543,1.3086112338113023,1.268498159179371,1.233368134414641,1.241933970205051,1.2574232836537331,1.1848201591513774,,,,23.0,1,0.9793469774406371,0.9996492622628336,0.9690068495837701,0.9421709930421311,0.9487144424695129,0.9605467425154451,0.9050851524178455
47,23.5,1.3005751872085791,1.310458444948259,1.3217030888677839,1.290972402358445,1.2364692241338078,1.2480605509396372,1.2521241907808016,1.1987575198802853,,,,23.5,1,1.0075991436995597,1.0162450443980493,0.9926165092609951,0.9507095293641871,0.9596219912655308,0.9627464856285873,0.9217133554986354
48,24.0,1.318736314633638,1.3011198529566261,1.3198934155986373,1.2864282771761544,1.2347034403590282,1.257540618407862,1.2577718791918433,1.1949884837610176,,,,24.0,1,0.9866414070185776,1.0008774316382731,0.975500760008676,0.936277727895925,0.9535951990199216,0.9537705644674452,0.9061618084681325
49,24.5,1.3298091254706,1.3180904265332942,1.3171820101575868,1.2891997640677575,1.2435369773858946,1.2610638451046352,1.2601378479394885,1.1947207891614118,,,,24.5,1,0.9911876834706194,0.9905045656018155,0.9694622629480969,0.9351244126451795,0.9483044001960531,0.947608061791232,0.8984152434197032
50,25.0,1.3275653749984597,1.3211435940370362,1.3152371650896266,1.305503034079442,1.2495992927628594,1.2583222209792508,1.2656677373526268,1.2006752707429043,,,,25.0,1,0.9951627384365678,0.9907136701958295,0.9833813525612302,0.941271380149026,0.9478420006101099,0.9533750737918238,0.9044189411344788
51,25.5,1.3356290727944962,1.3237054175547216,1.314597155247808,1.2952374349105442,1.2631938156334375,1.2713733198322634,1.2681295984652194,1.1954975361802038,,,,25.5,1,0.991072629757282,0.9842531747959905,0.9697583418130891,0.9457669358682762,0.9518910195419807,0.9494624101075835,0.8950819958410314
52,26.0,1.3328127268616519,1.3258676174252122,1.3178020560197736,1.3006465629577715,1.263358419800001,1.2804462587093066,1.2651176607609131,1.2116203423713368,,,,26.0,1,0.9947891333144806,0.9887375994096158,0.9758659538166166,0.9478889226806878,0.9607098078395068,0.9492088687807334,0.9090702076534904
53,26.5,1.3569970227714854,1.3250721310216185,1.3339784702422874,1.3128177640282175,1.2534594089094067,1.2753315000235308,1.260698628819659,1.1993452424636004,,,,26.5,1,0.9764738675073401,0.9830371385176766,0.9674433635432467,0.9237009277657684,0.9398189374202431,0.9290356630590466,0.8838230462835488
54,27.0,1.3684769188444046,1.3398403395514316,1.3252808812997006,1.3125487142741172,1.274023054479361,1.2687985700571174,1.2707478603890734,1.2099038205023531,,,,27.0,1,0.9790741232836029,0.9684349535239656,0.9591310574550901,0.9309788400049859,0.927161103402855,0.9285855266467647,0.8841243895615304
55,27.5,1.3688861270366315,1.3388184472089588,1.3492029769189786,1.3286355785895323,1.2734566710044317,1.2902804300109094,1.2694247806646957,1.221041968837651,,,,27.5,1,0.9780349298354252,0.9856210463902771,0.9705961309329406,0.9302867827006285,0.9425768911867871,0.9273414023215723,0.8919967444486899
56,28.0,1.3795621995380662,1.3351610717672706,1.36398523877726,1.3247917711519643,1.2658258329581082,1.2916149757598767,1.260520574658024,1.21678394471217,,,,28.0,1,0.9678150591646661,0.9887087651676582,0.9602986886677228,0.9175561880297666,0.9362499031883899,0.91371057795009,0.8820073100869239
57,28.5,1.3999964572748689,1.348962073236173,1.372274328813827,1.3341617661502028,1.2547640371233524,1.285267258291865,1.277736117307374,1.2254529885880459,,,,28.5,1,0.9635467762982517,0.980198429562455,0.952975101627889,0.8962622945245052,0.9180503647799743,0.9126709647498124,0.8753257783047704
58,29.0,1.3902399663863025,1.3558182255005993,1.3654220203864553,1.339936937489783,1.2666580900968658,1.2979748729357623,1.2679152031931809,1.2341543014350524,,,,29.0,1,0.9752404320707476,0.9821484444413167,0.9638170171245516,0.9111075215233042,0.9336336922535985,0.9120117633281076,0.8877275371697385
59,29.5,1.397366101062898,1.3646261556174064,1.3628236724874132,1.3383992274686385,1.2772880886289528,1.302357169295305,1.2691333981380901,1.2231186475162885,,,,29.5,1,0.9765702449625849,0.9752803302232605,0.9578014139963703,0.9140683230095474,0.9320085611814077,0.9082325649468179,0.8753029335590228
60,30.0,1.4145266396857008,1.3672966811589533,1.3595470062147847,1.3341211023905286,1.2858824713056012,1.2931799504988064,1.276653042909874,1.2286706233665174,,,,30.0,1,0.9666107677284596,0.9611321328786482,0.9431572831226156,0.909054969506489,0.9142139244448186,0.9025302225439448,0.8686090377481477
61,30.5,1.4161836304936348,1.3781363857237972,1.379969283828147,1.3532864677772272,1.2678555111883003,1.2956751401045166,1.2721120737946532,1.2317093136599915,,,,30.5,1,0.9731339609139701,0.9744282126373225,0.9555868593859655,0.8952620859954212,0.9149061690911419,0.8982677432525025,0.8697384203139379
62,31.0,1.436420928786001,1.399148190984442,1.3825892218539337,1.3448368030842963,1.2667247234468573,1.299879949314071,1.2761681268690055,1.2376336986220255,,,,31.0,1,0.9740516605859675,0.9625237241721593,0.9362414429737476,0.8818617844265445,0.9049436159445766,0.8884360435680688,0.8616093471069225
63,31.5,1.4499851125180219,1.3972736170885245,1.384942303762883,1.3533082251201933,1.2661563607635127,1.3067677624732164,1.2879523679272997,1.2329026508879217,,,,31.5,1,0.9636468712854855,0.9551424299507555,0.9333255999918917,0.8732202488374001,0.9012283996515685,0.8882521322516626,0.8502864203528835
64,32.0,1.4590604759922443,1.3960567363757752,1.382576804003257,1.3540985825318483,1.26942337412152,1.3158909133851406,1.2817147483729787,1.2313550890414424,,,,32.0,1,0.9568189662778557,0.9475801906449601,0.9280619993568012,0.8700279357908313,0.9018755116988963,0.878452106312687,0.8439369781461942
65,32.5,1.4632997115994044,1.402591151732487,1.382576804003257,1.3534404997014855,1.2818871092506552,1.3153674299229006,1.2743320768644864,1.224114808021972,,,,32.5,1,0.9585125593986742,0.9448350143471865,0.9249236427595263,0.8760249859200321,0.8989050018230291,0.8708619750028009,0.8365441463006915
66,33.0,1.4741730114261926,1.400728070820156,1.385815974817674,1.3551311803759691,1.284385859875343,1.313864359997742,1.2892572200590564,1.2373920006264967,,,,33.0,1,0.9501788867135872,0.940063319621462,0.919248398846309,0.8712585632216673,0.8912551985513834,0.8745630330131746,0.8393804465524562
67,33.5,1.4776771215231066,1.430127259176047,1.3957174972300397,1.361901918216143,1.2906553323998067,1.3109673516129818,1.280416487110842,1.228002643131313,,,,33.5,1,0.9678212096171267,0.9445348221886338,0.9216505408247581,0.8734352813620554,0.8871811930482556,0.8665062674795023,0.831035836750018
68,34.0,1.4866795945997349,1.4328621831608397,1.4079855945406183,1.3642117289069509,1.2775259235068934,1.3294093958171525,1.2946422926010763,1.2289565024593798,,,,34.0,1,0.9638002622526176,0.9470672764024156,0.9176232282075839,0.8593148975390674,0.8942137906823663,0.8708280501755581,0.8266451674748768
69,34.5,1.4834119228974427,1.4479438462326417,1.4121888286865036,1.365034827595493,1.2830904679673365,1.3205572115008217,1.3006922656015663,1.2389295302664898,,,,34.5,1,0.9760902038622395,0.9519869746821071,0.9201994446217393,0.8649589828435297,0.890216123463179,0.8768247346030608,0.8351891414264604
70,35.0,1.5045943117630263,1.447024587427053,1.419321748285006,1.378949709688051,1.2857558019670032,1.3294456056580344,1.2896216680363155,1.2290953658624255,,,,35.0,1,0.9617373773874532,0.9433252121110965,0.9164927043172523,0.8545531455986987,0.8835907428762246,0.8571225199736306,0.8168948641193641
71,35.5,1.5258188182058303,1.4541002430744232,1.4425196507111262,1.3706949198248537,1.2948505945047277,1.3177692230008353,1.2947642561664718,1.2324960928852695,,,,35.5,1,0.9529966636433682,0.9454069077528789,0.8983339984210035,0.8486267039407129,0.8636472478104347,0.848570119019079,0.8077604484748253
72,36.0,1.5569498958211114,1.466876042308337,1.4342804739834472,1.3777926279302521,1.2948839111797235,1.323206525902083,1.2835321096392676,1.2364039924075831,,,,36.0,1,0.9421472368799184,0.9212117087602422,0.8849306144200777,0.8316798855603645,0.8498709749450507,0.8243888342741771,0.7941193199126827
73,36.5,1.5454795430058703,1.4756716321539625,1.437563349181414,1.3769711003963958,1.2962818920572718,1.332814820504942,1.2985863824893014,1.237198923919631,,,,36.5,1,0.9548309059360724,0.9301730040278854,0.8909668889684977,0.8387570692369547,0.8623956405871879,0.8402481859860949,0.8005275317416037
74,37.0,1.5470731866738887,1.4883855285691652,1.4425706391586008,1.3759307198604376,1.2998147790791073,1.3326337562866046,1.3012977024889023,1.239356152682114,,,,37.0,1,0.9620653640627704,0.9324514519316557,0.8893766188389595,0.8401766576238248,0.8613902482219891,0.84113519237355,0.8010972999581569
75,37.5,1.5667761362035166,1.4906856209347352,1.4663391982680807,1.3750651262534963,1.2918840909578213,1.33297018975039,1.303511357452694,1.2322706994632806,,,,37.5,1,0.9514349794392722,0.9358957954396685,0.8776398200609828,0.8245492518721972,0.8507725889802829,0.8319703927909291,0.7865008095216576
76,38.0,1.5779339858376717,1.4901025188422863,1.4657728622979163,1.3759665107872443,1.2891221056138595,1.3369554072962013,1.2893415897758413,1.244346742729054,,,,38.0,1,0.9443376796597998,0.9289190013356529,0.8720051175377849,0.8169683378291065,0.8472822179480829,0.8171074337380303,0.7885923960681235
77,38.5,1.5778716030690583,1.5013736458591824,1.4799493843568303,1.3886829583327613,1.3023514645317604,1.3453967051034144,1.2903407024436295,1.2373760362289057,,,,38.5,1,0.9515182622837736,0.9379403124298814,0.880098834171099,0.825384943869074,0.8526655163110447,0.8177729416853924,0.784205783171541
78,39.0,1.6107678284126288,1.5069464431561703,1.4745970017717744,1.3831085544233155,1.2943521638520672,1.3456194848382805,1.292108374002578,1.2401228674944198,,,,39.0,1,0.9355454067152733,0.915462163920267,0.8586641290112766,0.803562214877124,0.8353900922917952,0.8021692209211295,0.7698954781810671
79,39.5,1.601387810668197,1.5209232894428864,1.4897178852475559,1.3969417782585598,1.3102801734446308,1.345743571882265,1.3003678373993672,1.233482221184467,,,,39.5,1,0.9497532573376241,0.9302667819270801,0.8723319666556412,0.8182154033618514,0.8403608188579496,0.8120255622882344,0.7702582803285999
80,40.0,1.6344190412970578,1.5537351037733502,1.4868213946988034,1.4056636939476745,1.3108092818277328,1.3460226459989848,1.2909462432624792,1.2362632490848207,,,,40.0,1,0.950634485107517,0.9096941219669574,0.8600387406354215,0.8020031881098793,0.823548069368303,0.7898502223995125,0.7563930778142031
81,40.5,1.6239286906355797,1.541448652187726,1.5035816965289097,1.4002735116720066,1.292018677130082,1.3498760511523982,1.2980018950431509,1.252438388660057,,,,40.5,1,0.9492095687923512,0.9258914539778418,0.8622752462880386,0.7956129382900468,0.8312409645426477,0.7992973475547955,0.7712397692597405
82,41.0,1.649283632850987,1.5361781522564497,1.5370259519102336,1.4119397936609794,1.2891201264054442,1.3495533274522413,1.2916149879847785,1.2377543775318156,,,,41.0,1,0.9314214496878134,0.93193549083689,0.8560927699381035,0.7816242765818536,0.8182663676346406,0.7831369706568089,0.7504799980293304
83,41.5,1.6452482613189061,1.5633029123096098,1.5244545781631933,1.40085313748714,1.3007202669292417,1.35236188059767,1.2944522197451176,1.238718269066368,,,,41.5,1,0.9501927150230779,0.9265802699837657,0.8514539540459093,0.7905920933090821,0.8219804344382379,0.7867823052476138,0.7529065966453932
84,42.0,1.6512557319819277,1.546950784005182,1.5215176086466515,1.3996897239791004,1.2826246942535333,1.3506081313059182,1.2889516969672377,1.232049406056673,,,,42.0,1,0.93683295327517,0.9214306295369783,0.8476516973534536,0.7767571487634183,0.8179278988390516,0.7805887798010349,0.7461287686661955
85,42.5,1.6817750030672365,1.5598866936716171,1.5378340663897,1.4101302302901049,1.2890920876195564,1.3556035278990994,1.2969479181259014,1.2295038037847938,,,,42.5,1,0.92752400935124,0.9144112997190376,0.8384773395479755,0.7665068664170288,0.8060552246446389,0.7711780206986761,0.7310750852774085
86,43.0,1.7002284756343555,1.5708103724545914,1.5366935392180723,1.4196457854911964,1.317878354552097,1.349149671173138,1.291248087313963,1.2294454904655934,,,,43.0,1,0.9238819340844894,0.903815905473958,0.8349735378720359,0.7751183875804669,0.7935108078164437,0.7594556295336707,0.723106046090004
87,43.5,1.7276580015226353,1.5965956274180608,1.5648760663560486,1.4190611885556323,1.3185460075242907,1.347931779550113,1.2987462090583157,1.2269704060710735,,,,43.5,1,0.9241387045416017,0.9057788433688136,0.8213785293761684,0.763198507090071,0.7802075285514503,0.7517380221743498,0.7101928767092265
88,44.0,1.7205014690589504,1.6064256333735907,1.5766846763131328,1.43287047357336,1.3164117611161414,1.355751952520391,1.2935052494782262,1.229546104962411,,,,44.0,1,0.9336961707171602,0.9164099564387586,0.8328214182560891,0.7651325992974416,0.7879981371140219,0.751818741651947,0.7146440308678879
89,44.5,1.7239044139274504,1.6102692495777935,1.5811215716719906,1.441132065715713,1.329706433911757,1.3592865863901964,1.3007257456556616,1.2225371495560344,,,,44.5,1,0.9340826768400866,0.917174733644212,0.8359698218026387,0.7713342011129145,0.7884930135386272,0.7545231250335449,0.70916759634649
90,45.0,1.7158346151435224,1.6106169985491743,1.5926792308437046,1.4584471566412343,1.317379264163298,1.3546351609351133,1.2931812560302076,1.2179449652249765,,,,45.0,1,0.9386784625594308,0.9282242104146404,0.8499928511578846,0.7677775308508418,0.7894905190625284,0.7536747683121187,0.7098265499924656
91,45.5,1.7314196523334302,1.6161389519541922,1.5947838213468013,1.4594705128761443,1.330703295217078,1.3630177419996785,1.299871807073088,1.2334157555784964,,,,45.5,1,0.9334183944234002,0.9210845095800517,0.8429328562311391,0.7685619678762987,0.7872255233806216,0.7507549110472749,0.712372505369351
92,46.0,1.7444254048082484,1.6247387713718693,1.610375272823136,1.4788275322726323,1.3225746862542327,1.3804130898712985,1.3050901825024621,1.229157731453015,,,,46.0,1,0.9313890791165499,0.9231551365764205,0.8477447807148789,0.7581721079094313,0.7913282425642253,0.7481490345790515,0.7046204028358135
93,46.5,1.7515701103294348,1.629376724929494,1.6220303462704222,1.4851741271635281,1.3125770448109277,1.3729053134072848,1.3126188708374225,1.2261271934463112,,,,46.5,1,0.9302377994010421,0.9260436317706696,0.8479101797896044,0.7493716849073536,0.783814079328557,0.7493955640693969,0.7000160520070199
94,47.0,1.7631433227198916,1.652807602257944,1.6169939200375352,1.4893034318639895,1.3317374316142259,1.374568283030669,1.304094122505905,1.223511073297073,,,,47.0,1,0.9374210144801278,0.917108608926414,0.8446865394734523,0.7553200096971342,0.7796123351505014,0.7396415854011007,0.6939373887141737
95,47.5,1.7677858798361212,1.6689552125266622,1.649092861224928,1.495368110951204,1.340300476824294,1.3848745778765894,1.3108395377982465,1.2424108073731788,,,,47.5,1,0.9440935305362769,0.9328578081966599,0.845898888551949,0.758180327217312,0.7833949765482747,0.741514881836122,0.7028061608277772
96,48.0,1.136327304405409,1.0049235836260597,0.8173699914198564,1.0890437644533077,1.149822778379787,2.1609817509936216,0.8872894062376755,0.9568875743614926,,,,48.0,1,0.8843610284907242,0.7193085902723695,0.958389154455069,1.011876396811075,1.9017247430522406,0.7808396425904381,0.8420879887790698
97,48.5,0.5044394698958103,0.60679512538268,0.4364331164617533,0.7769064335413609,0.5045592715193559,0.9270891368989611,0.4794350729560853,0.4601200067937315,,,,48.5,1,1.2029096880702272,0.865184313495327,1.5401380738541879,1.0002374945473047,1.837860025287964,0.9504313234154941,0.9121411670834703
98,49.0,1.844495656578807,1.7239067671642987,1.6702474291689293,1.5271920820819989,1.3278400403758517,1.3974042252660277,1.3042133906141655,1.2454334855250688,,,,49.0,1,0.9346222968948714,0.9055306924749958,0.8279727179811598,0.7198932866227213,0.7576077613855432,0.7070840128912184,0.6752162744774981
99,49.5,1.836411854319928,1.7101745710700431,1.6811265079020268,1.5199845143887671,1.31830817264635,1.4031208728759248,1.300730624651346,1.2391106948471526,,,,49.5,1,0.9312587299232863,0.9154408930368142,0.8276926065431318,0.7178717396891093,0.7640556608122843,0.708300058939143,0.6747455326713888
100,50.0,1.8430502180282784,1.719062982016215,1.698520348583583,1.5091215760741203,1.3236088226513807,1.396592091189576,1.2907708845579793,1.2300633096683669,,,,50.0,1,0.9327271526303246,0.921581154962063,0.8188173937488259,0.7181621041598076,0.7577612793880735,0.7003449346805453,0.6674062907435622
101,50.5,1.8315540883717716,1.7337958133215055,1.6838940355773033,1.513963761583688,1.3272103222316236,1.4027600039030754,1.30802094199328,1.2208287799738204,,,,50.5,1,0.9466255047170504,0.9193799114468215,0.8266006290480794,0.7246361604376624,0.7658851097049016,0.7141590577628499,0.6665534955940732
102,51.0,1.8680649179936148,1.7532408270305582,1.7016057208231712,1.5287315503794074,1.330739250836628,1.4025014876072857,1.3029194083700384,1.2283427355279946,,,,51.0,1,0.9385331366929245,0.9108921774789132,0.8183503344312753,0.712362422750223,0.7507777026901372,0.6974700910123788,0.6575482060052225
103,51.5,1.8701694172679253,1.7443650570930265,1.7202814694005075,1.5366363328628418,1.3319092928783134,1.4069713755640731,1.3063653988439525,1.2228853942394855,,,,51.5,1,0.9327310354809017,0.9198532782733745,0.8216562193106911,0.7121864364695151,0.7523229513716868,0.6985278375220052,0.653890167889689
104,52.0,1.8963572079522057,1.7556461800425107,1.715872373093732,1.5371225975558693,1.345138651796214,1.4050068167327878,1.3093773365482588,1.2321481406337742,,,,52.0,1,0.9257993023046314,0.904825507503741,0.8105659583068433,0.7093276763235821,0.7408977648520101,0.690469775977596,0.6497447503386335
105,52.5,1.8929061516709607,1.761262484618687,1.752323475280118,1.5457814031127761,1.3383380916802325,1.4172196282704292,1.3069501818365399,1.2257871010496295,,,,52.5,1,0.9304542029534505,0.9257318297229139,0.8166180884077319,0.7070282330155756,0.7487004186760027,0.6904463703511298,0.6475688717940757
106,53.0,1.9320661226541,1.7724605175958628,1.7390206242759951,1.5549231323296777,1.348535633173512,1.4168516119853947,1.3032179305952831,1.221068305617677,,,,53.0,1,0.917391230462141,0.9000833894272127,0.8047980936561648,0.697975921921872,0.7333349492402725,0.6745203568939134,0.6320013022847698
107,53.5,1.91964654050547,1.794407363310757,1.7689421343210416,1.5633891716489405,1.3593648720194358,1.4185760063180792,1.3016043374769821,1.2203175552029621,,,,53.5,1,0.9347592514808816,0.9214936692747897,0.8144151220866307,0.7081329001647855,0.738977710940759,0.6780437492072116,0.6356990880631782
108,54.0,1.925323044295181,1.7912578662646441,1.7806055669708394,1.563132486036431,1.3605995682026972,1.4194433711760754,1.2972692672654402,1.2234045266091507,,,,54.0,1,0.9303674370761945,0.9248347035822658,0.8118806299379541,0.7066863777661703,0.7372494581529838,0.67379304013906,0.6354281844982604
109,54.5,1.9346902171496292,1.8204469995949248,1.7722239343804216,1.5948391397982784,1.3556347238921793,1.426017445447302,1.3009688036537703,1.2143712259082395,,,,54.5,1,0.9409501239309421,0.9160246527691815,0.8243382458138172,0.7006985986053261,0.7370779222465121,0.6724429534618116,0.6276825174096179
110,55.0,1.9352402101579373,1.8095020314702035,1.7925679755027522,1.577600714084114,1.357927636841645,1.4238540622857445,1.3138055772761839,1.2168061814768143,,,,55.0,1,0.9350270948134795,0.9262767309679135,0.8151963284988606,0.701684281731012,0.7357505568621593,0.6788850140567111,0.6287623495470411
111,55.5,1.9511851118751076,1.834331124055749,1.8084162775874515,1.5904662813661703,1.3691279772654925,1.4322048660304474,1.3028003054852721,1.2284556023269635,,,,55.5,1,0.9401112753945418,0.9268296824228769,0.8151283400464844,0.7016904592664441,0.7340179346971774,0.6676969281675528,0.6295945960485553
112,56.0,1.9651090730730925,1.8491117721313979,1.830378960010919,1.591144589739665,1.3539975886644138,1.4460494547323517,1.3149110702252262,1.2224205706616256,,,,56.0,1,0.9409715712317714,0.9314388626523011,0.8096978491129699,0.6890190510122649,0.7358621842150366,0.669128797094673,0.6220624531288587
113,56.5,1.971595876455464,1.8607127708585933,1.8557159850476177,1.6038008959446555,1.3541315151005355,1.4417047256092732,1.3098493647621214,1.225489357574558,,,,56.5,1,0.9437597192604114,0.941225332842461,0.8134531599994871,0.6868200178704947,0.7312374421279327,0.6643599636234628,0.6215722868003475
114,57.0,1.9858359974090558,1.8745854213275037,1.8530936346796272,1.612427290962641,1.3566302657252232,1.442634085023383,1.2957890300377546,1.2355770843563603,,,,57.0,1,0.943977963826468,0.9331554252704558,0.8119639754070297,0.6831532248862621,0.7264618462479304,0.6525156315669502,0.6221949274604915
115,57.5,2.004036797997965,1.8800862348422924,1.8604116393858314,1.6083041782214713,1.3629610937105705,1.4535208405058961,1.306800267963385,1.2286446267624405,,,,57.5,1,0.9381495572938084,0.9283320751616859,0.8025322588029166,0.6801078179164025,0.7252964825585863,0.6520839683527168,0.6130848635064274
116,58.0,2.0288478481929557,1.8799233610673913,1.8965883393264245,1.628815176421238,1.3768294070786389,1.4693480405813917,1.3085346510831612,1.227570088524584,,,,58.0,1,0.9265965226233166,0.934810533483656,0.8028276629378507,0.6786262500191655,0.7242278132833389,0.6449644078774268,0.6050577373842746
117,58.5,2.067969465325762,1.9037790608638403,1.8962826505477588,0.4150480969301194,1.3837925921527685,1.4611560865836304,1.2987949768501155,1.2249661729335044,,,,58.5,1,0.9206030808409169,0.9169780706839605,0.20070320374132697,0.6691552343277869,0.7065656002582504,0.6280532660793033,0.5923521567764244
118,59.0,2.0850577564651718,1.9112868690096485,1.9190715030593337,1.6469908169508087,1.3950869449763568,1.478125675285535,1.3081416792118972,1.2223017716715519,,,,59.0,1,0.9166589573278202,0.9203924913393109,0.7899017721902226,0.6690879140640533,0.708913540021751,0.6273887018984109,0.5862196228768921
119,59.5,2.0763799349692285,1.920687580335856,1.918776323760353,1.6557518785495127,1.4131472217686536,1.4886131172676222,1.3033099275477458,1.212596438464048,,,,59.5,1,0.9250174055281074,0.9240969301645602,0.7974224036094101,0.6805821988400192,0.7169271346718553,0.6276837420734662,0.5839954519123295
120,60.0,2.083256002809535,1.9178540817447534,1.9500652622561363,1.6601627487378294,1.4187137454375123,1.486458029301291,1.3001292483999887,1.2196495749677576,,,,60.0,1,0.9206041308213124,0.9360660713931587,0.7969076995332737,0.681007875903968,0.7135263392000858,0.6240852044331563,0.5854535272299254
121,60.5,2.132024882386883,1.935460812325047,1.9558183355532257,1.6713119855822505,1.4240470523814002,1.490421526129203,1.3068557321905208,1.2131659765541067,,,,60.5,1,0.9078040450251336,0.9173524904473032,0.7839082927170874,0.6679317226293932,0.6990638516660366,0.6129645779403128,0.569020552516217
122,61.0,2.1041718233743247,1.95198959971527,1.9690089420888963,1.6920855052107497,1.4360097179133204,1.4951711709952096,1.3066764780735363,1.220861096688944,,,,61.0,1,0.9276759521401585,0.9357643326538436,0.8041574772621284,0.6824583914494607,0.7105746566825042,0.6209932399808031,0.580209792340593
123,61.5,2.1541972452733753,1.9722071148858615,1.9870792129318957,1.694851489172629,1.4367126667689256,1.5000250957806713,1.3165522300457617,1.23084415670254,,,,61.5,1,0.9155183533973842,0.9224221306994236,0.7867670859255723,0.6669364515813414,0.6963267170970283,0.6111567698521899,0.5713702212753232
124,62.0,2.1473975101004497,1.976956467554686,2.0026266979596503,1.712578221263422,1.4588375779107146,1.5044040095704783,1.3191060881108168,1.2234468277867674,,,,62.0,1,0.9206290210619688,0.9325831330902365,0.7975133682553781,0.6793514340260522,0.7005708083828905,0.614281278573855,0.5697346774559395
125,62.5,2.159439869038377,1.9710155161903926,2.0292750292128594,1.7130847923578192,1.4472107180733065,1.517273083996212,1.3155375340938322,1.2364585458873512,,,,62.5,1,0.9127438760626884,0.9397228690218258,0.7933005298826288,0.6701787527511779,0.7026234468255284,0.6092031331623307,0.572582994143736
126,63.0,2.1655385129715974,1.992977010581953,1.9872888716759203,1.7158753233085453,1.4650671363987975,1.4979853195586277,1.31838310550816,1.2365531804490713,,,,63.0,1,0.9203147386407587,0.9176880760937938,0.792355025334546,0.6765370957953556,0.691738018320007,0.6088015048501941,0.5710141717831871
127,63.5,2.1672926374001404,2.000216105546033,2.025852923567914,1.7276648174154001,1.4818626990135295,1.503186117947453,1.3135801205015922,1.2254934098459465,,,,63.5,1,0.922910026559897,0.9347389866087047,0.7971534566222156,0.6837390915474871,0.6935778270121649,0.60609264195967,0.5654489793847288
128,64.0,2.14075791413988,2.0221153520315505,2.0229647922216736,1.7424854134631975,1.4597051309328835,1.507893658299705,1.3221923440039836,1.2367726416799554,,,,64.0,1,0.9445791785588246,0.9449759726963178,0.8139572447467972,0.6818637087787519,0.7043737399450656,0.6176281471486317,0.5777265301746506
129,64.5,2.2109423930123797,2.0127508652174604,2.0291835617975953,1.7417524666789,1.4603394672300813,1.5225065369960111,1.3160543222463739,1.22730456627665,,,,64.5,1,0.9103588006538307,0.9177912406088788,0.7877873580893192,0.6605054350784727,0.6886233408015738,0.5952458672852472,0.5551047237393028
130,65.0,2.1994780876088464,2.0257683205418373,2.0403316469247033,1.7578288096135317,1.4749681264978072,1.5291358556978074,1.3152791972428202,1.2260005823454163,,,,65.0,1,0.9210222788553184,0.9276435434475464,0.7992026924553488,0.6705991456824708,0.6952266832356585,0.597996044903871,0.5574052268364528
131,65.5,2.26025919621795,2.029379244779202,2.0557318043679977,1.7622161525805353,1.4811317113720366,1.547652637188266,1.3201220368009536,1.2400686541906003,,,,65.5,1,0.8978524446111865,0.9095115320436771,0.7796522432158308,0.6552928592660465,0.6847235218765727,0.5840578102767547,0.5486400215805268
132,66.0,2.259978945899306,2.082751846342396,2.0687748212541783,1.7771962834823145,1.4820299421246474,1.5368514413043315,1.3206253107573858,1.218712020213231,,,,66.0,1,0.9215801988427877,0.9153956168520666,0.7863773628099534,0.6557715702678408,0.6800290967723053,0.5843529264525399,0.5392581300036284
133,66.5,2.269804295577661,2.095567015476366,2.093936457589304,1.7734793679094047,1.4801328708583001,1.552268632161821,1.331805941252797,1.235575204436644,,,,66.5,1,0.9232368709316623,0.9225185015593607,0.7813358056307922,0.6520971317844867,0.6838777401144936,0.5867492381821644,0.5443531880012555
134,67.0,2.3300234235074075,2.086250542147521,2.104019577628581,1.7962040574110687,1.4883647285268256,1.5613163561704462,1.3277891163609068,1.23753525647688,,,,67.0,1,0.8953774975390878,0.903003616359092,0.7708952791157888,0.6387767236633077,0.6700861203447394,0.569860844730124,0.5311256719531195
135,67.5,2.3331294022880242,2.1026919509003617,2.1211101418736753,1.7996906065863287,1.4890950564321799,1.5588614267539243,1.3198738042607236,1.2311218835086324,,,,67.5,1,0.9012324600762907,0.9091266604387959,0.7713633906552421,0.6382393771095048,0.6681418635525314,0.5657096442942111,0.5276697821823818
136,68.0,2.307384519215366,2.124624211280135,2.1265248556182956,1.8113289392730434,1.5067888497995225,1.5517190715539788,1.3315387772107576,1.2299608152518327,,,,68.0,1,0.9207933023675744,0.9216170247780927,0.7850139082535719,0.6530289326513775,0.6725012925377718,0.5770771044539866,0.5330541160387454
137,68.5,2.3403618053245085,2.16148337779284,2.1136448095830116,1.8242236349936998,1.5223503759671322,1.5607872704657035,1.3385311723051216,1.2382314534118264,,,,68.5,1,0.9235680452805606,0.9031273732011444,0.7794622313709985,0.6504765085909642,0.666899992520297,0.5719334374966543,0.5290769361364348
138,69.0,2.3837645613369616,2.151133656395935,2.1525733939324447,1.8243562009581058,1.5099265548743779,1.5763445689108178,1.344056270781664,1.247087641803463,,,,69.0,1,0.9024102846757011,0.9030142610749903,0.7653256661953624,0.633421009509227,0.6612836663813422,0.5638376761620428,0.5231588983368474
139,69.5,2.4009131122887157,2.166213139633721,2.164750023827759,1.820708116947781,1.521589370331336,1.5724222232122314,1.3528025804752881,1.2340941081961354,,,,69.5,1,0.90224553672779,0.901636136996299,0.7583398614588583,0.6337544505643739,0.6549267506450036,0.5634533684501825,0.5140103162749242
140,70.0,2.3565184200276343,2.1981361661649497,2.191856505230845,1.8362929836427755,1.527049346613822,1.5648284070451683,1.3574564959841566,1.2500498342844801,,,,70.0,1,0.9327897238075367,0.9301249192888302,0.7792398175360928,0.6480107830414984,0.6640425102328791,0.5760432358378247,0.5304646989645941
141,70.5,2.386037316615421,2.2047682246187814,2.203104416975729,1.8441073032609911,1.5295533751276178,1.5611097085600028,1.3432983897875317,1.247767826596826,,,,70.5,1,0.9240292300818796,0.9233319200978879,0.7728744602690648,0.6410433585746595,0.654268773455072,0.5629829761811906,0.5229456462846847
142,71.0,2.395130929477134,2.2036875700976175,2.1989975219668283,1.8488726005623497,1.5329203385106125,1.571565868340627,1.3452144797178491,1.245739429030903,,,,71.0,1,0.9200697727947135,0.91811161340014,0.7719296585452076,0.6400152574728993,0.6561502960022757,0.5616454880032443,0.5201132905510316
143,71.5,2.4314220364735943,2.2200901602484566,2.210489624563218,1.8690145866780816,1.5530089740608244,1.5822289599726493,1.3473999680017317,1.2410829991895396,,,,71.5,1,0.913083013539006,0.9091344864872554,0.7686919665286909,0.638724561497035,0.6507422143246798,0.5541612882459226,0.5104350378388198
144,72.0,2.429397794322103,2.252102330995217,2.2134897383128807,1.8690306619455233,1.5371848729100794,1.575885779781928,1.3339340350535769,1.2476753643867784,,,,72.0,1,0.9270208181874313,0.9111269235059674,0.769339079138769,0.6327431746677016,0.6486734216459028,0.5490801210782348,0.5135739265520033
145,72.5,2.4664731561890405,2.225708113161573,2.231946131740064,1.8560041701482661,1.5330542649467347,1.5881091061875618,1.3382046750148908,1.2556923924250407,,,,72.5,1,0.9023848921998913,0.904914017060966,0.752493156266897,0.6215572470756033,0.6438785284172145,0.5425579725678252,0.5091044227561012
146,73.0,2.4580118293534263,2.2520941668958185,2.242722662410838,1.8758245766911852,1.547882164528297,1.6016160985287116,1.338545478093829,1.2448520353088073,,,,73.0,1,0.9162259269875955,0.9124132909485551,0.763147090787035,0.629729338989985,0.6515900694220876,0.544564294650254,0.5064467226898018
147,73.5,2.5107529476276733,2.265955107865279,2.2616933282221248,1.8974054365290018,1.558312263010409,1.5895193644456864,1.3592665872288636,1.2363823405068504,,,,73.5,1,0.902500228071545,0.9008028170828688,0.7557117231792148,0.6206553553916192,0.6330847349786327,0.5413780708743922,0.49243488558882975
148,74.0,2.5236244984599527,2.2692106977923094,2.286440518790923,1.893115849012279,1.5553157414691994,1.602542360978943,1.3476052933191645,1.2411130958089984,,,,74.0,1,0.8991871410255765,0.906014551763239,0.7501575017073884,0.6163023628984162,0.6350161689890466,0.5339959626091534,0.49179784732886783
149,74.5,2.5253636014660588,2.294734390856159,2.303221335609187,1.8911996528474873,1.5581803157827026,1.6046746564376502,1.3497371700917933,1.25603846475682,,,,74.5,1,0.9086748496430329,0.9120355319416535,0.7488821220633662,0.617012265037053,0.6354232141090821,0.5344724099564219,0.4973693546654617
150,75.0,2.539065342049107,2.3154508675620686,2.313938256564944,1.9011787743408104,1.5627499781462404,1.614733910064715,1.3586836569521583,1.245997091424023,,,,75.0,1,0.9119303978579084,0.91133466250125,0.7487711099260242,0.6154823793880984,0.6359560281192184,0.535111733617559,0.49073061287129516
151,75.5,2.568033194195985,2.3384545638401724,2.338480660111439,1.929208394799533,1.5766377537303953,1.6198842108128015,1.3540598996711461,1.251204922606182,,,,75.5,1,0.910601377398593,0.9106115393666414,0.751239664331341,0.6139475756363884,0.6307878786278557,0.5272750767908525,0.4872230333447527
152,76.0,2.615169379764597,2.3439921674088873,2.3367465489260897,1.9251022670045597,1.5705094647395772,1.611709453904675,1.3545689481473737,1.257412966565413,,,,76.0,1,0.8963060616822763,0.8935354501345648,0.7361290943142836,0.6005383348748699,0.616292568418552,0.5179660478700253,0.4808151151871464
153,76.5,2.5997288576325435,2.3455959314855366,2.3482324425971415,1.9534191350266632,1.5781422819943165,1.6237665887525699,1.3582403953958795,1.2637176204940659,,,,76.5,1,0.9022463725780872,0.9032605210743291,0.7513934113904304,0.6070411063680925,0.6245907468332145,0.5224546365318913,0.4860959314214317
154,77.0,2.6524547602706883,2.381257991609686,2.371281942300215,1.9740882207651214,1.567009234656599,1.6421738702537836,1.3605913544456294,1.2513237215962558,,,,77.0,1,0.8977563075822919,0.893995244638299,0.7442495345570613,0.5907769882177679,0.6191147516823987,0.5129555364430715,0.471760627302294
155,77.5,2.6611711499216986,2.403708173580991,2.3708664213953003,1.9966546435822923,1.5896345556594642,1.6388808480205037,1.372583642669921,1.247526468777246,,,,77.5,1,0.9032520037847686,0.8909109139654772,0.7502917065822847,0.5973439760558944,0.6158494721651877,0.5157817988182787,0.4687885139645952
156,78.0,2.6884350584328645,2.4095418206977675,2.382688786406679,1.9856286975654576,1.5992017192723769,1.64356355567705,1.3898174640605474,1.2587592994182568,,,,78.0,1,0.896261865481821,0.8862735140031947,0.738581611386557,0.5948448389170239,0.6113458275741694,0.5169615162178015,0.46821264864475076
157,78.5,2.7060235368210357,2.43065785582095,2.4118518332161165,2.008845753407654,1.619227679889428,1.642292549553879,1.3795517928882892,1.2788059695292944,,,,78.5,1,0.8982397317491267,0.8912900425284164,0.7423607836639856,0.5983790081115309,0.6069025369539839,0.50980775817972,0.4725775486164476
158,79.0,2.7008660054294102,2.458320729768503,2.4172800399499996,2.008319945158583,1.620919573216692,1.657099324941039,1.3791249326001787,1.2809108649076741,,,,79.0,1,0.9101972200126437,0.8950018383328412,0.7435837028276716,0.6001480895232276,0.6135437010239896,0.5106232333732201,0.47425931620921796
159,79.5,2.7361747730111046,2.4924743605076376,2.442163215391168,2.027868781759109,1.6377184345121167,1.657860467623256,1.3746237916450947,1.2881110171012,,,,79.5,1,0.9109339012597943,0.8925464993976306,0.7411327674538424,0.5985430648166677,0.6059044487859284,0.502388884366604,0.4707707379684888
160,80.0,2.754070437144154,2.5074278442460436,2.464582972825926,2.040289907666294,1.6454864976752548,1.670402940660698,1.3724702879135215,1.2834241982084222,,,,80.0,1,0.9104443410118924,0.8948874144924147,0.7408270609745125,0.597474369385247,0.6065215029114616,0.4983424786102098,0.46600993965109877
161,80.5,2.748083874586727,2.5307515979097315,2.4764852004754476,2.0520260547360016,1.642386727428365,1.6607816108972946,1.3788421588825692,1.2801441500953683,,,,80.5,1,0.920914976909255,0.9011679823083552,0.7467115810082753,0.5976479621370206,0.604341674668519,0.5017467522129133,0.465831542455335
162,81.0,2.7973485347717464,2.518217387701935,2.469575432610233,2.0593819802537436,1.6571486533960744,1.657880927512428,1.3798712645547198,1.2709378371005642,,,,81.0,1,0.9002158137964786,0.8828272208174236,0.7361907015357962,0.5923997788610534,0.5926615532188967,0.4932782766975844,0.4543366052897903
163,81.5,2.7690654130375494,2.5545912947937386,2.4980687823136263,2.041591805144243,1.671678022374951,1.6685536935737004,1.373002902113783,1.2756629048995702,,,,81.5,1,0.9225463879495206,0.9021342618170037,0.7372855099528697,0.6036975560433546,0.6025692588256218,0.49583621089241664,0.4606835573090421
164,82.0,2.8123896062739853,2.563266604601016,2.518260624129776,2.0724971095847375,1.6764789222550442,1.6779182616235373,1.3637767717471245,1.2683238893029982,,,,82.0,1,0.9114194558544747,0.8954167013389414,0.7369167859820462,0.5961047923499261,0.5966165775468568,0.4849174412765428,0.45097730644202827
165,82.5,2.804371736205874,2.5645680060820313,2.5276214593468866,2.0879593628796305,1.6654817805618645,1.680311683412929,1.3737699918945863,1.2888394830072774,,,,82.5,1,0.9144893214305885,0.9013146961631371,0.7445373007875549,0.5938876644132596,0.5991758017381381,0.48986729332581436,0.45958225379599293
166,83.0,2.816060920942448,2.5796485731400662,2.516354920825988,2.0797128655920374,1.6662114487310802,1.6977560735979476,1.381714097043782,1.2843842821595495,,,,83.0,1,0.916048567683947,0.8935726148935168,0.738518421290411,0.5916816061541208,0.6028832902626842,0.4906549026579174,0.4560925058857413
167,83.5,2.853766586516696,2.556683676472292,2.5476228202035527,2.091558157668178,1.6655411568143321,1.7056719607005246,1.3810835197563391,1.2978304347865786,,,,83.5,1,0.8958979646590428,0.8927229130232329,0.7329114327535566,0.5836290762824053,0.597691475105,0.4839511143909243,0.4547780610083843
168,84.0,2.9034205647358347,2.595936138496672,2.560419758026084,2.081458125744612,1.6791376588933258,1.7045137323800637,1.377019727005673,1.3074050568778066,,,,84.0,1,0.8940958020433603,0.8818632027079556,0.71689859575476,0.5783308416588627,0.5870709028800819,0.47427497887511866,0.4502982009417433
169,84.5,2.894070676897574,2.654355766647138,2.5820996790012476,2.102047090852834,1.6908697466448295,1.7133892790508316,1.3900423208574646,1.285122780272113,,,,84.5,1,0.917170333066154,0.8922033935153382,0.7263288722119998,0.5842530937970842,0.5920343593293217,0.480306971061115,0.44405369589997595
170,85.0,2.9344823013756756,2.668945002937753,2.618550781187633,2.1194750007043206,1.6751037022742754,1.7088799931820389,1.3766195115042565,1.2941319165446703,,,,85.0,1,0.9095113648109449,0.8923382430897829,0.7222653889276203,0.5708344880761395,0.5823446242565244,0.46911835551330533,0.44100859491910566
171,85.5,2.9201041079002903,2.6931227876427437,2.613233743783616,2.136863325496379,1.6860375092981563,1.7127597610869123,1.3811721948825626,1.2901193502541506,,,,85.5,1,0.9222694425025969,0.8949111563226662,0.7317764184212244,0.5773895200299919,0.5865406498532264,0.4729873127282776,0.44180594341268703
172,86.0,2.9650997240290793,2.668979249078658,2.626809397764884,2.1634391565240585,1.6809047621403819,1.7323854361540627,1.3932303824674392,1.308922522104827,,,,86.0,1,0.9001313606585741,0.8859092921824178,0.7296345343772462,0.5668965358967121,0.5842587425019344,0.46987639949400084,0.441443001561586
173,86.5,2.99160477947775,2.707610620754746,2.6584369578781666,2.176465177792401,1.6973691372135713,1.7280389524487607,1.3820835015568098,1.2996456912326637,,,,86.5,1,0.9050696266194022,0.888632407634492,0.7275243015798198,0.5673774653849444,0.5776294262875284,0.46198732902080825,0.4344309449390388
174,87.0,3.0155713149899195,2.7058994341642517,2.682879272741855,2.1960681822748143,1.7076953272538649,1.7349584463609133,1.38043961988771,1.300062281441802,,,,87.0,1,0.8973090507638342,0.889675286207192,0.7282428279372843,0.566292469611044,0.5753332503651014,0.45777051035926986,0.4311164106713052
175,87.5,3.070734967460505,2.744580121550074,2.712006161296699,2.190340636542005,1.7229283048244854,1.733618200437686,1.388317199307217,1.2985912174077796,,,,87.5,1,0.8937860644547384,0.8831781935057474,0.7132952403096561,0.5610801072322258,0.5645613245064216,0.4521123490039761,0.4228926400905622
176,88.0,3.082626837596122,2.779358948831443,2.736304373991688,2.196235989927408,1.712967278736869,1.729334003718868,1.3893091722763662,1.2962850930357646,,,,88.0,1,0.9016203047783844,0.8876534586085348,0.7124560012070956,0.5556842812906496,0.5609936248616547,0.4506900268732397,0.42051314068446466
177,88.5,3.0595879134273165,2.7789609724960695,2.7467190936495705,2.2148329932139257,1.7250292345576386,1.7493281751755236,1.4008562686884123,1.3121260724054242,,,,88.5,1,0.9082794974775241,0.8977415166255923,0.7238991184054242,0.563810971728307,0.5717528715218206,0.45785782540864745,0.428857123747621
178,89.0,3.1449118095838147,2.794970737533076,2.7585962436915574,2.237123664433938,1.715934442019914,1.751647902805399,1.4050668962495731,1.306564064348709,,,,89.0,1,0.8887278584460375,0.8771617173127088,0.7113470265259967,0.5456224358313546,0.5569783856791855,0.4467746573903178,0.4154533237997585
179,89.5,3.1500192472439075,2.8156558344379152,2.7752880054367606,2.237552540425134,1.7221313435691397,1.7527758988756805,1.3937256739839787,1.298810630894671,,,,89.5,1,0.8938535334034731,0.8810384278969038,0.7103297995346755,0.5467050225410239,0.5564333933544255,0.44244989144222263,0.4123183158423741
180,90.0,3.1230189804345136,2.8074168050123722,2.7779141523878854,2.2423479291484485,1.7328906503843786,1.767046246747301,1.392495764775984,1.3003500404543802,,,,90.0,1,0.8989432413317479,0.8894964038935771,0.7180065005037096,0.5548767590721709,0.5658134829848032,0.44588130059403047,0.4163759646037947
181,90.5,3.1205095724566982,2.822814980069707,2.809806156275802,2.2844687919319657,1.7684467997024589,1.7588110253388152,1.3961857087721183,1.295210554797908,,,,90.5,1,0.9046006475946735,0.9004318336584088,0.7320819689501742,0.5667173128747064,0.5636294279828623,0.4474223444451531,0.41506379798675685
182,91.0,3.1730939937883775,2.833477926274101,2.8174946402997527,2.269853383047581,1.7658434808998138,1.7638492092382503,1.3887682269312387,1.3060267952297806,,,,91.0,1,0.8929700575592447,0.8879329278663843,0.7153438843888732,0.5565052546053203,0.5558767602507668,0.43767005630778033,0.411594109026221
183,91.5,3.1928486577290878,2.842888335708933,2.817301699960752,2.2405325634889595,1.7659820254889056,1.7689129833543036,1.4049338183987665,1.2833821894627613,,,,91.5,1,0.890392449021037,0.8823787163042537,0.7017346588179777,0.5531054599828604,0.5540234358030744,0.4400251840931368,0.401955221509173
184,92.0,3.1702762749658318,2.889778663283956,2.855519846171321,2.2650090633940914,1.7650458599083294,1.7848739449030335,1.4057793645444938,1.289399036634843,,,,92.0,1,0.9115226600606287,0.9007164040307802,0.7144516335310565,0.5567482789579128,0.5630026502728915,0.44342487613627457,0.40671503831278544
185,92.5,3.172691743802977,2.8839329776585756,2.839867971906414,2.282417296941065,1.7835732298867069,1.7842384343344837,1.405988099747254,1.290847816160228,,,,92.5,1,0.9089861891851246,0.8950973498933052,0.7193945965280649,0.562164046781554,0.5623737124224333,0.4431530741974804,0.4068620340067898
186,93.0,3.231990111443819,2.9107950930169846,2.8928888949634217,2.2902514051011074,1.7772757185763555,1.8021900100216603,1.4000259222213014,1.303515341848749,,,,93.0,1,0.9006200491488051,0.8950797481465957,0.7086195582690038,0.5499013478671806,0.5576100012312761,0.43317766266180535,0.40331662440218075
187,93.5,3.312062108458554,2.9222382234621023,2.9121849514679754,2.313636526451402,1.802532397167753,1.796497902677098,1.4017569835148387,1.3178793249932814,,,,93.5,1,0.8823017587741199,0.8792664074839215,0.6985486535843305,0.5442326677885452,0.5424106927491147,0.4232278675979363,0.3979029625161912
188,94.0,3.301946483018225,2.958702455004799,2.9372861448556797,2.3157102667435097,1.8260919045427781,1.809388209526845,1.4129671722604316,1.2845513622623377,,,,94.0,1,0.8960479735880893,0.8895620083372101,0.7013167168677967,0.553034979196148,0.5479762372989551,0.4279194649359896,0.389028522681616
189,94.5,3.2990218730126584,2.9569447519800587,2.9219000515690223,2.3260863831507335,1.8223630758877987,1.8252654339631214,1.4020159467349547,1.3050911203949702,,,,94.5,1,0.8963095322795736,0.8856867774873983,0.7050836498475705,0.5523949661551111,0.5532747293658571,0.4249792819514219,0.39559941419944705
190,95.0,3.3328760873956136,2.9728427406082245,2.9431180258111747,2.338710399029892,1.8460258319685041,1.8273304250535833,1.4092774974193047,1.2911355751728062,,,,95.0,1,0.8919751777904448,0.8830565399480528,0.7017093758374361,0.5538837279159188,0.5482743363799947,0.422841251959219,0.3873938128260056
191,95.5,3.343334506651751,2.999985527373984,2.998033880627255,2.3532823246074193,1.8402561095689778,1.8467808108050707,1.4240071768436457,1.296572852048343,,,,95.5,1,0.8973034320691948,0.8967196894784232,0.7038728311287527,0.5504253630343255,0.5523769180531584,0.4259242304383555,0.3878082942250436
192,96.0,3.375650234047557,3.042980186345778,3.012922991102207,2.3557825998482316,1.8521155263952183,1.8481424089225098,1.4139253343528184,1.3012938675759604,,,,96.0,1,0.9014500837952951,0.8925459636526313,0.6978752052233628,0.548669263099112,0.5474922698689976,0.41886014140080446,0.3854942832793581
