,TIME,A3,A4,B3,B4,C3,C4,D3,D4,Unnamed: 9,Unnamed: 10,Unnamed: 11,TIME.1,1,2,3,4,5,6,7,8
0,0,1,1,1,1,1,1,1,1,,,,0,1,1,1,1,1,1,1,1
1,0.5,1.019934916,1.012665018,0.995994242,1.008889531,1.014716191,1.012184942,1.01376622,1.013410572,,,,0.5,1,0.992872194,0.976527253,0.989170501,0.994883277,0.992401501,0.993951873,0.993603176
2,1,1.00988415,1.020580382,1.008667158,1.018425107,1.019833877,1.010431893,1.009533469,1.011655781,,,,1,1,1.010591543,0.998794919,1.008457363,1.009852345,1.000542382,0.999652751,1.001754291
3,1.5,1.02568227,1.022531182,1.005553789,1.014445749,1.038051963,1.009346219,1.016683249,1.002632186,,,,1.5,1,0.996927813,0.98037552,0.989044833,1.012059966,0.984072991,0.991226307,0.977527072
4,2,1.010307449,1.03866008,1.016752747,1.021042805,1.024855255,1.016092895,1.028432823,1.013615252,,,,2,1,1.028063369,1.006379541,1.010625831,1.014399385,1.005726421,1.017940454,1.003274056
5,2.5,1.04408665,1.041172898,1.016675488,1.017539951,1.027933033,1.016037887,1.025156317,1.006216561,,,,2.5,1,0.997209282,0.973746277,0.974574238,0.984528471,0.973135599,0.981869002,0.963728979
6,3,1.06647449,1.058155767,1.024091382,1.007297171,1.029876633,1.020477674,1.025411638,1.010598966,,,,3,1,0.992199792,0.960258677,0.944511266,0.965683327,0.956870215,0.96149664,0.947607258
7,3.5,1.084731485,1.049731657,1.04039526,1.016177569,1.021892464,1.01482971,1.0372805,1.014651377,,,,3.5,1,0.967734108,0.959127004,0.936801026,0.942069515,0.935558452,0.956255547,0.935394049
8,4,1.09654986,1.067644638,1.043941508,1.023854678,1.034783023,1.01636498,1.033422358,1.014287967,,,,4,1,0.973639847,0.952023748,0.933705539,0.943671657,0.926875299,0.942430796,0.924981165
9,4.5,1.107735283,1.06976224,1.038102916,1.037162302,1.02537568,1.011993239,1.038810815,1.004077671,,,,4.5,1,0.965720111,0.937139886,0.936290753,0.925650466,0.913569563,0.937778936,0.906423842
10,5,1.116884749,1.072262839,1.043553977,1.034339927,1.032685622,1.010950689,1.043043566,1.010373597,,,,5,1,0.960047883,0.934343474,0.926093697,0.924612519,0.905152201,0.933886479,0.904635503
11,5.5,1.12142028,1.07835907,1.057300349,1.034901952,1.033993808,1.004439238,1.027228823,1.009575566,,,,5.5,1,0.961601184,0.942822568,0.922849328,0.922039512,0.895684923,0.916006996,0.900265123
12,6,1.117543264,1.082299927,1.072081664,1.045099472,1.042689564,1.010703978,1.03670643,1.015014786,,,,6,1,0.968463559,0.959320054,0.93517585,0.933019417,0.904398077,0.927665589,0.908255473
13,6.5,1.127718707,1.098404555,1.089775404,1.050258481,1.039995563,1.012170201,1.025275604,1.00851418,,,,6.5,1,0.974005794,0.966353929,0.931312458,0.922211857,0.89753783,0.909158993,0.894295868
14,7,1.147104408,1.093218119,1.090996933,1.055429038,1.035705906,0.998712443,1.033996428,1.005702575,,,,7,1,0.953024076,0.951087735,0.920081058,0.902887217,0.870637787,0.901396962,0.876731506
15,7.5,1.151917092,1.110182935,1.091450308,1.067419862,1.046036132,1.014953916,1.022988506,0.99943191,,,,7.5,1,0.963769826,0.947507694,0.926646431,0.908082829,0.881099797,0.888074769,0.867624864
16,8,1.153180521,1.099417828,1.11542064,1.067631306,1.031434929,1.01326721,1.029444929,1.003141601,,,,8,1,0.953378772,0.967255881,0.925814552,0.89442625,0.878671805,0.892700588,0.869891212
17,8.5,1.164226747,1.119658603,1.123703216,1.071013559,1.038609749,1.017558417,1.030457034,1.00735274,,,,8.5,1,0.961718674,0.965192751,0.919935538,0.892102635,0.874020821,0.885099949,0.865254765
18,9,1.173199552,1.132675148,1.134300348,1.092403533,1.050922389,1.025327944,1.040436104,1.004177725,,,,9,1,0.965458217,0.966843488,0.931131904,0.895774624,0.87395869,0.886836431,0.85593088
19,9.5,1.175308581,1.141451299,1.147523847,1.080526866,1.053481268,1.015538506,1.043218714,1.004566396,,,,9.5,1,0.971192857,0.976359627,0.91935589,0.896344403,0.864061168,0.887612607,0.854725655
20,10,1.194627161,1.141197118,1.148629915,1.090299187,1.060676222,1.005753476,1.03685003,1.006705286,,,,10,1,0.955274713,0.961496568,0.912669009,0.88787218,0.841897379,0.867927722,0.842694122
21,10.5,1.200072178,1.151757267,1.168587344,1.087119464,1.059214233,1.005097984,1.015527543,0.992521945,,,,10.5,1,0.959739996,0.973764216,0.905878399,0.882625439,0.837531277,0.846222054,0.827051875
22,11,1.211862274,1.164753793,1.168296714,1.112973569,1.057098152,1.009716436,1.033796967,1.000183991,,,,11,1,0.961127199,0.964050733,0.918399387,0.872292318,0.83319405,0.853064733,0.825328102
23,11.5,1.219189911,1.162388741,1.163727947,1.116498692,1.067563499,1.011604875,1.030751469,0.98966896,,,,11.5,1,0.953410728,0.954509167,0.91577094,0.875633475,0.829735274,0.845439632,0.811743069
24,12,1.22750606,1.184066037,1.177849115,1.135352354,1.072661051,1.009702244,1.026311692,0.984066439,,,,12,1,0.964611154,0.959546476,0.924926068,0.873853976,0.822563959,0.83609501,0.801679496
25,12.5,1.237240969,1.198338115,1.173792112,1.137853908,1.084934877,1.004316734,1.024438647,0.994176681,,,,12.5,1,0.968556769,0.948717463,0.919670409,0.876898603,0.81173899,0.828002525,0.803543292
26,13,1.25258837,1.224695727,1.196742874,1.164723494,1.075181117,1.009643982,1.017145266,0.999920635,,,,13,1,0.977731996,0.955415923,0.929853351,0.858367475,0.806046109,0.812034736,0.798283506
27,13.5,1.251451477,1.2236506,1.2035942,1.165482003,1.084011994,1.009466471,1.022733184,0.992091895,,,,13.5,1,0.977785094,0.961758583,0.931304189,0.866203775,0.806636525,0.817237586,0.792752986
28,14,1.264545081,1.237336689,1.227624243,1.173229674,1.095574233,1.00181659,1.000191565,0.985875334,,,,14,1,0.978483652,0.970803067,0.927787939,0.866378154,0.792234777,0.79094971,0.77962846
29,14.5,1.270762247,1.246869849,1.22438136,1.201351761,1.115369296,1.006232554,1.000398591,0.979500043,,,,14.5,1,0.981198372,0.963501522,0.945378857,0.877716739,0.791833843,0.787242927,0.770797248
30,15,1.293314467,1.251640621,1.245735796,1.181833788,1.128778826,1.007753235,1.012355193,0.961765742,,,,15,1,0.967777485,0.963211831,0.913802342,0.872779866,0.779202012,0.782760279,0.743644153
31,15.5,1.290078969,1.272060418,1.254050985,1.196970841,1.121833982,1.005946882,1.022844906,0.978986058,,,,15.5,1,0.986032986,0.97207304,0.927827575,0.869585513,0.77975605,0.792854492,0.758857466
32,16,1.294426796,1.281524037,1.268814753,1.212648915,1.123507266,1.007054676,1.01410895,0.978108662,,,,16,1,0.990032068,0.980213603,0.936823093,0.867957361,0.777992761,0.783442489,0.755630728
33,16.5,1.311938064,1.288534027,1.273506744,1.231597555,1.130663406,1.006935578,1.010912617,0.981104258,,,,16.5,1,0.982160715,0.970706452,0.938761964,0.861826817,0.767517618,0.770549041,0.747828182
34,17,1.329910097,1.307200697,1.280696996,1.22379721,1.137222946,1.016773761,1.029724563,0.975665038,,,,17,1,0.982924109,0.962995167,0.920210481,0.855112649,0.76454323,0.774281333,0.733632326
35,17.5,1.337067025,1.323616014,1.298645804,1.21646187,1.149496772,1.014131851,1.020183529,0.976153763,,,,17.5,1,0.989939912,0.971264551,0.909798721,0.859715145,0.758474954,0.763001039,0.730070927
36,18,1.351825889,1.339348668,1.310211023,1.234157504,1.156210114,1.011733491,1.024280246,0.966887502,,,,18,1,0.990770098,0.969215809,0.912955961,0.855295141,0.74841997,0.757701309,0.715245588
37,18.5,1.363850202,1.353449224,1.33596915,1.242740718,1.167848527,1.026947155,1.027795327,0.971637889,,,,18.5,1,0.992373812,0.979557101,0.911200303,0.856287974,0.752976502,0.753598397,0.712422733
38,19,1.366274847,1.349820455,1.330003067,1.256151674,1.177025894,1.002491629,1.005923082,0.963236488,,,,19,1,0.987956748,0.973452062,0.91939896,0.861485445,0.733740822,0.736252361,0.70500931
39,19.5,1.390563541,1.359871045,1.33727027,1.257573174,1.149363104,1.017158719,0.996931805,0.964991278,,,,19.5,1,0.977928017,0.961675056,0.904362251,0.826544829,0.731472306,0.716926466,0.693956982
40,20,1.402775937,1.371502472,1.354874016,1.262291862,1.149496772,1.014557624,0.999617825,0.952842201,,,,20,1,0.977706015,0.965852051,0.899852805,0.819444319,0.723249948,0.712599781,0.679254738
41,20.5,1.403300588,1.383275747,1.375969425,1.264091933,1.157269645,1.011125948,1.014109281,0.94951661,,,,20.5,1,0.985730184,0.980523657,0.900799118,0.824676947,0.720534116,0.722660055,0.67663095
42,21,1.402785983,1.401458709,1.379926579,1.273046627,1.157732576,1.017637399,1.00848225,0.942560694,,,,21,1,0.99905383,0.983704283,0.907513079,0.825309484,0.72544024,0.718913834,0.671920525
43,21.5,1.429216216,1.426005585,1.393123994,1.271213062,1.175044934,1.010114431,1.010737469,0.932087043,,,,21.5,1,0.997753572,0.974746843,0.88944769,0.822160371,0.706761104,0.707197034,0.652166574
44,22,1.411063428,1.422056715,1.4301078,1.27941838,1.175852829,1.006493456,1.003475968,0.930416188,,,,22,1,1.007790781,1.013496467,0.906705081,0.833309691,0.713287182,0.711148732,0.659372335
45,22.5,1.438329078,1.432802102,1.421935166,1.276089847,1.189377347,1.007357946,0.9845523,0.930311562,,,,22.5,1,0.996157364,0.988602114,0.887202982,0.826916014,0.700366808,0.684511156,0.646800219
46,23,1.457534023,1.457751823,1.415153955,1.281198197,1.186299569,0.999247134,0.982910264,0.901372219,,,,23,1,1.000149431,0.970923445,0.879017695,0.813908664,0.685573796,0.674365228,0.618422764
47,23.5,1.484911208,1.462993485,1.429151125,1.287058366,1.185067556,0.993335164,0.978414625,0.888124948,,,,23.5,1,0.985239708,0.962448877,0.866757796,0.798073009,0.668952566,0.658904465,0.5980997
48,24,1.486962302,1.478350642,1.432787983,1.31824425,1.19518794,1.006750952,0.941301708,0.891793259,,,,24,1,0.994208556,0.96356712,0.886535085,0.803778239,0.677052102,0.633036699,0.599741673
49,24.5,1.510076637,1.493146582,1.444096814,1.331575911,1.188762068,0.995891583,0.948181035,0.869559201,,,,24.5,1,0.988788612,0.956306971,0.881793598,0.787219694,0.659497378,0.627902592,0.575837795
50,25,1.511276178,1.479926746,1.454658692,1.34007406,1.1970912,0.993605698,0.952939561,0.866877483,,,,25,1,0.979256318,0.962536638,0.886716855,0.79210618,0.657461364,0.630552889,0.573606264
51,25.5,1.521356221,1.493630075,1.476745412,1.338172967,1.205959438,0.98764523,0.937691321,0.85771943,,,,25.5,1,0.981775375,0.970676947,0.879592135,0.792687091,0.64918736,0.616352244,0.56378606
52,26,1.551901783,1.500135453,1.487569574,1.363306276,1.227371817,0.968373482,0.931672934,0.840699222,,,,26,1,0.966643295,0.958546211,0.878474586,0.790882407,0.623991475,0.600342718,0.541721926
53,26.5,1.541147847,1.503439048,1.487682087,1.348412336,1.203170655,0.979143348,0.918456471,0.8476804,,,,26.5,1,0.975532004,0.965307832,0.874940284,0.780697749,0.635333819,0.595956107,0.550031849
54,27,1.567537381,1.518974927,1.503640903,1.376912775,1.223543638,0.980659204,0.958909322,0.845984284,,,,27,1,0.969019907,0.959237669,0.878392306,0.780551489,0.625604988,0.611729796,0.539690022
55,27.5,1.581007254,1.528062579,1.510933573,1.367737236,1.219196486,0.978213519,0.94017755,0.841359213,,,,27.5,1,0.966512061,0.955677825,0.865104972,0.771151735,0.61872804,0.594669979,0.532166573
56,28,1.606681336,1.540887369,1.52458762,1.379619947,1.248649002,0.981337516,0.928683297,0.795040824,,,,28,1,0.959049772,0.948904792,0.858676774,0.777160333,0.610785408,0.578013372,0.494834169
57,28.5,1.614636835,1.565868046,1.520717202,1.359932757,1.265597789,0.959432335,0.917220592,0.80131606,,,,28.5,1,0.969795816,0.941832349,0.842253024,0.783828141,0.594209369,0.568066188,0.496282534
58,29,1.634634778,1.567716853,1.528494851,1.366610876,1.276352132,0.942171965,0.879278283,0.816727482,,,,29,1,0.959062461,0.935068109,0.836034382,0.780817923,0.576380717,0.537905038,0.49963912
59,29.5,1.639582564,1.580529038,1.550741984,1.377393631,1.30382376,0.937823498,0.875986645,0.785728613,,,,29.5,1,0.963982585,0.945815123,0.840087997,0.795216898,0.571989187,0.534274189,0.479224792
60,30,1.65321458,1.593513943,1.559833553,1.385032248,1.297512875,0.939278386,0.860164336,0.778555292,,,,30,1,0.96388815,0.943515483,0.837781293,0.784842386,0.568152735,0.520298058,0.470934204
61,30.5,1.672631794,1.604865038,1.568906407,1.388275042,1.302322958,0.945003327,0.856306194,0.747067698,,,,30.5,1,0.959484953,0.937986718,0.829994412,0.778607081,0.56497989,0.511951403,0.446642053
62,31,1.698256129,1.607824391,1.583340726,1.416842954,1.295954579,0.913394955,0.849976624,0.753563732,,,,31,1,0.946750236,0.932333291,0.834292855,0.763109025,0.537842873,0.500499665,0.443727963
63,31.5,1.681427938,1.626956801,1.570377178,1.416094624,1.298494779,0.906420718,0.837518561,0.739543692,,,,31.5,1,0.967604239,0.933954493,0.842197629,0.772257168,0.539077945,0.498099586,0.439830739
64,32,1.677380213,1.626862137,1.597094551,1.4128691,1.315249423,0.912424708,0.817169065,0.722180765,,,,32,1,0.969882752,0.952136277,0.842307003,0.784109299,0.543958192,0.487169849,0.430540887
65,32.5,1.705441336,1.638345283,1.593871,1.424498841,1.31296086,0.89885368,0.805531212,0.711256374,,,,32.5,1,0.96065766,0.934579786,0.835266984,0.769865742,0.527050483,0.472330062,0.417051211
66,33,1.719922187,1.660584513,1.615340897,1.447743602,1.315731035,0.899275044,0.823003123,0.685174586,,,,33,1,0.965499792,0.939194174,0.841749478,0.764994513,0.522857982,0.478511836,0.39837534
67,33.5,1.746923584,1.662613155,1.608991242,1.445662248,1.320002012,0.885134565,0.832392991,0.684711123,,,,33.5,1,0.951737769,0.921042716,0.827547502,0.755615199,0.506681902,0.476490786,0.391952532
68,34,1.743416885,1.680629315,1.623549401,1.465336627,1.318462396,0.878567255,0.784328012,0.667243569,,,,34,1,0.963985911,0.931245656,0.84049698,0.756251937,0.503934121,0.449879784,0.382721755
69,34.5,1.733616851,1.69039417,1.632990299,1.47524682,1.315076942,0.859157108,0.762487316,0.663738559,,,,34.5,1,0.975067916,0.941955714,0.850964744,0.758574157,0.4955865,0.439824587,0.382863468
70,35,1.751171916,1.704735788,1.644648459,1.448967972,1.314615536,0.857320271,0.750100245,0.657501309,,,,35,1,0.973482828,0.939170189,0.827427598,0.750706156,0.48956945,0.428341865,0.375463598
71,35.5,1.767500638,1.698064506,1.653349553,1.452275929,1.319136623,0.857054411,0.734796145,0.647391067,,,,35.5,1,0.960715074,0.935416665,0.821655108,0.746328796,0.484896239,0.415726099,0.36627487
72,36,1.784752747,1.706980709,1.680639327,1.461786603,1.313134868,0.852586846,0.728459009,0.626423075,,,,36,1,0.956424195,0.941665074,0.81904152,0.7357517,0.47770586,0.408156822,0.350985915
73,36.5,1.782502045,1.729555581,1.711611391,1.45340801,1.326197909,0.85520113,0.71066835,0.615619429,,,,36.5,1,0.970296548,0.960229692,0.815375227,0.744009193,0.47977568,0.398691464,0.345368147
74,37,1.78412984,1.743190781,1.722779293,1.462828164,1.336431827,0.841797225,0.714303049,0.599213261,,,,37,1,0.977053767,0.965613183,0.819911271,0.749066462,0.471825092,0.400364947,0.335857429
75,37.5,1.810068793,1.762552033,1.729293715,1.471397521,1.327448601,0.825732317,0.720878759,0.609832917,,,,37.5,1,0.973748644,0.955374581,0.812895911,0.733369144,0.456188361,0.398260421,0.336911459
76,38,1.833428768,1.739810061,1.73721128,1.492543658,1.329909647,0.81398804,0.703302693,0.610894303,,,,38,1,0.948937908,0.947520465,0.814072346,0.725367502,0.443970365,0.383599682,0.33319773
77,38.5,1.849262495,1.768497263,1.751062398,1.49026636,1.314059277,0.812013959,0.684706955,0.599831873,,,,38.5,1,0.956325707,0.946897697,0.805870645,0.710585588,0.439101512,0.370259472,0.324362752
78,39,1.829086034,1.782825335,1.761497402,1.492677072,1.337528718,0.803106002,0.672925502,0.603265672,,,,39,1,0.974708298,0.963047866,0.816078109,0.731255224,0.439075028,0.367902597,0.329818095
79,39.5,1.852009947,1.788432454,1.768102126,1.493451805,1.324580665,0.801625039,0.670071899,0.578759255,,,,39.5,1,0.965671085,0.954693645,0.806395132,0.715212501,0.432840569,0.361807938,0.312503319
80,40,1.887442125,1.821588294,1.780287733,1.505723589,1.321561834,0.795705538,0.676647609,0.562416335,,,,40,1,0.965109483,0.94322772,0.797758813,0.70018668,0.421578774,0.358499792,0.297978056
81,40.5,1.915910171,1.817813341,1.780545442,1.501307266,1.339933723,0.795907421,0.670111013,0.551453959,,,,40.5,1,0.948798836,0.929347037,0.783600029,0.699371893,0.415420009,0.349761185,0.287828713
82,41,1.914383729,1.831416473,1.790166327,1.512925241,1.363153054,0.793387863,0.646333845,0.550927248,,,,41,1,0.956661115,0.935113634,0.790293617,0.71205842,0.414435126,0.337619796,0.287783081
83,41.5,1.924004866,1.835588054,1.83016528,1.518043771,1.348416729,0.803991004,0.63558881,0.527991821,,,,41.5,1,0.954045432,0.95122695,0.789002043,0.700838523,0.417873685,0.330346779,0.274423329
84,42,1.947438912,1.848374303,1.811711853,1.517371106,1.367520339,0.787395208,0.635788271,0.530770012,,,,42,1,0.949130826,0.930304844,0.779162364,0.702214755,0.404323444,0.326474051,0.272547708
85,42.5,1.954733178,1.841964402,1.826774322,1.519793906,1.356978817,0.773744743,0.618387352,0.508774048,,,,42.5,1,0.942309888,0.934538966,0.777494301,0.694201558,0.395831386,0.316353843,0.260278003
86,43,1.956651405,1.868825869,1.851134825,1.525739197,1.369502752,0.776003002,0.618834569,0.508673994,,,,43,1,0.955114367,0.946072878,0.779770578,0.699921687,0.396597472,0.316272264,0.259971701
87,43.5,1.969153857,1.888240394,1.835743832,1.515113388,1.357247607,0.766161413,0.604423288,0.487806056,,,,43.5,1,0.958909527,0.932250076,0.769423569,0.689254221,0.389081539,0.306945689,0.247723688
88,44,1.975008893,1.883501561,1.872576615,1.531962358,1.365578265,0.761748856,0.602389895,0.488420096,,,,44,1,0.953667382,0.948135789,0.77567365,0.69142892,0.385693886,0.305006168,0.247300201
89,44.5,1.974663759,1.900299105,1.88488716,1.541382836,1.388469787,0.754170331,0.622620104,0.470931854,,,,44.5,1,0.962340599,0.954535754,0.780579898,0.703142386,0.381923418,0.315304365,0.23848711
90,45,1.996495434,1.922958419,1.866468593,1.548924839,1.382373178,0.757429718,0.594921367,0.450979297,,,,45,1,0.963166951,0.934872457,0.775821879,0.692399869,0.37937964,0.297982834,0.225885464
91,45.5,2.000519456,1.961146712,1.910370886,1.55232095,1.388374932,0.729426579,0.59307987,0.453118187,,,,45.5,1,0.98031874,0.954937419,0.775958937,0.694007213,0.364618588,0.296462935,0.226500265
92,46,2.020456608,1.969272268,1.919272925,1.556586771,1.379063897,0.735598145,0.575703264,0.439344206,,,,46,1,0.974666944,0.949920388,0.770413364,0.682550613,0.364075201,0.284937208,0.217447979
93,46.5,2.054606883,1.994666813,1.923696805,1.59824514,1.380813355,0.72187623,0.550252182,0.434314346,,,,46.5,1,0.970826502,0.93628461,0.777883669,0.672057203,0.351345182,0.267813851,0.211385618
94,47,2.058235026,1.994207557,1.945315632,1.611552869,1.384835676,0.719049996,0.54731084,0.446258743,,,,47,1,0.968892052,0.945137755,0.782978061,0.672826795,0.349352716,0.265912703,0.216816222
95,47.5,2.078617426,2.025755556,1.984648611,1.606313737,1.393629266,0.72902618,0.564639151,0.435943821,,,,47.5,1,0.974568735,0.954792636,0.772779886,0.670459724,0.350726483,0.27164169,0.209727782
96,48,2.15732031,2.038938218,1.979789368,1.627844489,1.336916419,0.634999251,0.486603468,0.388200637,,,,48,1,0.945125399,0.917707658,0.754567823,0.619711599,0.2943463,0.225559211,0.179945757
97,48.5,2.078710969,2.038664788,1.940020015,1.589133718,1.302249837,0.612385273,0.463527223,0.360660828,,,,48.5,1,0.98073509,0.933280309,0.764480364,0.626469892,0.294598567,0.222987818,0.173502153
98,49,2.0961803,2.07467207,1.953880526,1.597900604,1.309656086,0.60192846,0.438339028,0.33881544,,,,49,1,0.989739323,0.932114726,0.762291586,0.624782175,0.287154907,0.209113227,0.161634684
99,49.5,2.095676738,2.09025807,1.964210471,1.584086177,1.294208174,0.588657995,0.436641131,0.33455835,,,,49.5,1,0.997414359,0.93726787,0.755882884,0.617560977,0.280891602,0.208353284,0.159642155
100,50,2.133213988,2.086992846,1.965929713,1.577173299,1.289091942,0.586244497,0.412289893,0.317095368,,,,50,1,0.978332628,0.921581109,0.739341345,0.604295654,0.274817482,0.1932717,0.14864677
101,50.5,2.128369791,2.078951733,1.994675038,1.599670052,1.308636895,0.581488801,0.412919824,0.327180349,,,,50.5,1,0.976781263,0.937184434,0.751594041,0.614854102,0.273208539,0.194007557,0.153723451
102,51,2.138132118,2.120646996,2.010151361,1.591169917,1.30642298,0.584382531,0.41038497,0.323491348,,,,51,1,0.991822244,0.940143663,0.744186902,0.611011344,0.273314509,0.191936207,0.151296239
103,51.5,2.185112227,2.130104912,2.023562456,1.600607559,1.303730505,0.589221467,0.40180018,0.323880019,,,,51.5,1,0.97482632,0.926067975,0.732505882,0.596642355,0.269652725,0.183880798,0.148221229
104,52,2.184109576,2.122408125,2.026393663,1.603852662,1.29280368,0.571008713,0.416267322,0.321331769,,,,52,1,0.971749837,0.927789377,0.734327929,0.591913379,0.261437759,0.190589029,0.147122549
105,52.5,2.182433892,2.162328811,2.073084146,1.614191467,1.286359127,0.564521785,0.426956497,0.329081145,,,,52.5,1,0.990787771,0.949895506,0.739629032,0.589414933,0.258666156,0.195633186,0.150786306
106,53,2.161585396,2.148555642,2.07431841,1.597281069,1.296207742,0.558355025,0.421456318,0.32199176,,,,53,1,0.993972131,0.95962825,0.73893961,0.599656041,0.258308104,0.194975558,0.148960925
107,53.5,2.216097222,2.170831745,2.068759033,1.627217084,1.283088661,0.571728843,0.409818465,0.317584093,,,,53.5,1,0.979574237,0.933514564,0.734271524,0.578985727,0.257989062,0.184928017,0.143307834
108,54,2.227423079,2.197520663,2.058376833,1.616635272,1.277066772,0.547101066,0.409635752,0.312165563,,,,54,1,0.986575332,0.924106809,0.72578725,0.573338215,0.245620633,0.183905678,0.140146506
109,54.5,2.208265645,2.224036905,2.096137636,1.605042921,1.275701091,0.551705326,0.40534714,0.312065509,,,,54.5,1,1.007141922,0.949223496,0.726834167,0.577693673,0.249836485,0.183559048,0.141317015
110,55,2.225113067,2.222774471,2.092707859,1.632432901,1.2959979,0.551679251,0.388831473,0.307169117,,,,55,1,0.998948999,0.940495065,0.733640427,0.582441369,0.247933132,0.174746838,0.138046521
111,55.5,2.268665019,2.206765736,2.111187062,1.644629343,1.27362535,0.544575396,0.39522447,0.302627982,,,,55.5,1,0.972715547,0.930585628,0.724932649,0.561398593,0.240042224,0.174210148,0.133394741
112,56,2.260590416,2.261377145,2.097450477,1.630196188,1.267679563,0.520153362,0.393446399,0.289480766,,,,56,1,1.000348019,0.927833039,0.721137353,0.560773661,0.230096243,0.174045858,0.12805538
113,56.5,2.285759079,2.27896602,2.136235821,1.636858863,1.275836213,0.537188575,0.386296619,0.300806551,,,,56.5,1,0.997028095,0.934584857,0.716111719,0.558167405,0.235015396,0.169001459,0.131600287
114,57,2.3392783,2.255482623,2.156797647,1.631643046,1.276202837,0.529227893,0.379529014,0.304290872,,,,57,1,0.964178834,0.921992756,0.697498475,0.545554087,0.226235542,0.162241925,0.130078953
115,57.5,2.282134274,2.303352825,2.158516889,1.648446433,1.269449154,0.524709427,0.369907806,0.294205891,,,,57.5,1,1.009297679,0.945832554,0.722326663,0.556255243,0.229920489,0.162088537,0.128916994
116,58,2.34004983,2.317305614,2.19532847,1.640274504,1.29922948,0.509591037,0.372561947,0.294615251,,,,58,1,0.990280457,0.938154582,0.700957084,0.55521445,0.21776931,0.159211117,0.125901273
117,58.5,2.361694179,2.303072323,2.199025741,1.649908736,1.270566179,0.514868084,0.364407627,0.303234058,,,,58.5,1,0.97517805,0.931122141,0.698612357,0.537989292,0.218007941,0.154299244,0.128396835
118,59,2.415986547,2.323977697,2.217238699,1.658298772,1.283724074,0.52025034,0.378755483,0.295876746,,,,59,1,0.961916655,0.91773636,0.686385764,0.531345705,0.215336605,0.156770526,0.122466222
119,59.5,2.390686636,2.338124624,2.234593204,1.685295005,1.301384375,0.511695608,0.372435094,0.292985776,,,,59.5,1,0.978013843,0.934707699,0.704941827,0.5443559,0.214037089,0.155785827,0.122552982
120,60,2.475129924,2.406816271,2.245704431,1.676303356,1.30378938,0.499306077,0.3676917,0.301671222,,,,60,1,0.972399973,0.907307697,0.677258733,0.526755936,0.201729239,0.148554505,0.121880964
121,60.5,2.463460412,2.409029338,2.235895643,1.695059513,1.283724074,0.493357095,0.352642922,0.286794476,,,,60.5,1,0.977904628,0.907623939,0.688080679,0.521106029,0.20026995,0.143149417,0.116419357
122,61,2.439954051,2.429934295,2.276712674,1.707069193,1.286186573,0.509364347,0.340766494,0.294681892,,,,61,1,0.995893466,0.933096536,0.699631697,0.527135571,0.208759811,0.139661029,0.120773541
123,61.5,2.460859623,2.425342662,2.293371469,1.697323542,1.28008851,0.499864591,0.356620351,0.273463269,,,,61.5,1,0.985567254,0.931939168,0.689727901,0.520179411,0.203126008,0.144916983,0.111125099
124,62,2.5000986,2.490004576,2.31129644,1.699552224,1.276105003,0.496589858,0.350363389,0.277310999,,,,62,1,0.995962549,0.924482114,0.679794078,0.51042187,0.198628109,0.140139829,0.110920025
125,62.5,2.515935664,2.490379571,2.350959809,1.71211415,1.276740416,0.503716382,0.349151823,0.267635379,,,,62.5,1,0.98984231,0.934427633,0.680507922,0.507461472,0.200210359,0.138776133,0.106376082
126,63,2.579970509,2.495655769,2.368437298,1.703451964,1.301441869,0.500057846,0.356676212,0.270935709,,,,63,1,0.967319494,0.918009446,0.660260246,0.504440599,0.193823086,0.138248174,0.105015041
127,63.5,2.581122161,2.520995629,2.390870091,1.736400072,1.273123532,0.506116843,0.348083857,0.279554515,,,,63.5,1,0.976705274,0.926290947,0.672730682,0.493244199,0.196084033,0.134857568,0.108307355
128,64,2.617860084,2.557361682,2.429691853,1.739668167,1.292554951,0.490750191,0.354515967,0.264255684,,,,64,1,0.976890132,0.928121356,0.664538253,0.493744856,0.187462345,0.135422045,0.100943395
129,64.5,2.635955935,2.555569468,2.399605733,1.734298759,1.283205102,0.489380945,0.342432513,0.27815498,,,,64.5,1,0.969503866,0.910336057,0.657939208,0.486808252,0.185655966,0.129908284,0.10552338
130,65,2.627291418,2.582284451,2.43106634,1.759596884,1.299826079,0.477606639,0.341483834,0.270492934,,,,65,1,0.982869443,0.925312786,0.669737994,0.494739971,0.181786701,0.129975621,0.102955056
131,65.5,2.644282749,2.563585147,2.454443382,1.735917418,1.302961351,0.495125887,0.330867268,0.269536174,,,,65.5,1,0.969482234,0.928207614,0.656479501,0.492746607,0.187243927,0.125125525,0.101931677
132,66,2.659767488,2.578718011,2.464973965,1.775112185,1.291747056,0.485081109,0.341109225,0.265312498,,,,66,1,0.969527608,0.92676295,0.667393745,0.485661646,0.182377261,0.128247761,0.09975026
133,66.5,2.675165876,2.634318124,2.472042553,1.78117053,1.308655503,0.474895378,0.33957891,0.258916518,,,,66.5,1,0.984730759,0.924070756,0.665816855,0.489186676,0.177519974,0.126937516,0.09678522
134,67,2.67581111,2.639693034,2.485417076,1.773041818,1.315235177,0.485597199,0.325805125,0.255511562,,,,67,1,0.986502008,0.928846235,0.662618453,0.491527661,0.181476636,0.121759389,0.095489387
135,67.5,2.684152821,2.651320926,2.490326088,1.787952305,1.308636823,0.465570976,0.324481837,0.245789991,,,,67.5,1,0.987768247,0.927788488,0.666114198,0.487541847,0.17345174,0.120887989,0.091570789
136,68,2.734159392,2.679593363,2.52504915,1.807714114,1.321199572,0.474020102,0.317339622,0.250172397,,,,68,1,0.98004285,0.923519367,0.661159009,0.48321966,0.173369594,0.116064785,0.091498834
137,68.5,2.748160006,2.703394467,2.521155666,1.825086834,1.339071241,0.469249665,0.32335801,0.240998226,,,,68.5,1,0.983710723,0.917397699,0.66411229,0.487261018,0.170750489,0.117663458,0.087694394
138,69,2.725798588,2.684654506,2.569412036,1.789130186,1.326335938,0.456339636,0.333473114,0.236331776,,,,69,1,0.984905678,0.942627253,0.656369181,0.486586186,0.167415024,0.122339602,0.086701848
139,69.5,2.77984941,2.749832365,2.570846166,1.787427508,1.344400223,0.470522085,0.320010511,0.231890695,,,,69.5,1,0.989201917,0.924814904,0.642994366,0.4836234,0.169261717,0.11511793,0.083418438
140,70,2.793816515,2.752117656,2.573446141,1.808913723,1.325509363,0.465054886,0.336701325,0.238880026,,,,70,1,0.985074589,0.921122102,0.647470481,0.474443957,0.166458636,0.120516621,0.085503119
141,70.5,2.793596058,2.758475866,2.600402353,1.826861281,1.335552119,0.461763861,0.331201147,0.225469454,,,,70.5,1,0.987428321,0.93084408,0.653946112,0.478076319,0.165293712,0.118557279,0.080709397
142,71,2.780313889,2.784234586,2.647841659,1.835873106,1.31550542,0.46439614,0.334859828,0.2341549,,,,71,1,1.001410163,0.952353498,0.660311454,0.473149965,0.167030112,0.120439577,0.084218872
143,71.5,2.871954805,2.811843395,2.651693207,1.841605906,1.339782756,0.467289322,0.325000046,0.227608344,,,,71.5,1,0.979069514,0.923306036,0.641237774,0.466505515,0.162707756,0.113163357,0.079252063
144,72,2.909495014,2.837022726,2.7270249,1.887226545,1.41962168,0.494773722,0.324481837,0.226045508,,,,72,1,0.975091111,0.93728461,0.648644021,0.487927174,0.170054844,0.111525139,0.077692351
145,72.5,2.952414014,2.860077556,2.72896077,1.907068372,1.401576075,0.478612934,0.317850266,0.223187953,,,,72.5,1,0.968725098,0.924315071,0.64593528,0.474722064,0.162109017,0.107657755,0.075595073
146,73,2.948809679,2.894336528,2.712701931,1.886696968,1.399362159,0.480821691,0.321222077,0.224395343,,,,73,1,0.981527071,0.919931168,0.639816459,0.474551535,0.163056197,0.108932794,0.076096923
147,73.5,2.951260745,2.892507857,2.741359748,1.874170522,1.391208489,0.471005023,0.322465192,0.215993942,,,,73.5,1,0.980092275,0.928877515,0.635040643,0.471394637,0.159594513,0.109263538,0.073187007
148,74,2.981403478,2.896702894,2.756932355,1.865882772,1.369737162,0.476170503,0.315251985,0.212146212,,,,74,1,0.971590365,0.924709579,0.625840409,0.459426969,0.15971354,0.105739457,0.071156492
149,74.5,3.009532479,2.940784823,2.777475157,1.897126776,1.372199661,0.467645801,0.308428519,0.218746872,,,,74.5,1,0.977156699,0.922892568,0.630372588,0.455951105,0.155388189,0.102483865,0.072684669
150,75,2.968164107,2.916689788,2.792513873,1.898448357,1.373624289,0.437586684,0.312486122,0.219828947,,,,75,1,0.98265786,0.940821927,0.639603569,0.46278583,0.147426715,0.10527926,0.074062262
151,75.5,2.981247286,2.941931632,2.795551544,1.894844158,1.382511207,0.448661579,0.308620414,0.205256935,,,,75.5,1,0.986812347,0.937712063,0.635587717,0.463735837,0.150494587,0.103520569,0.068849349
152,76,2.981955927,3.000942696,2.810654698,1.901794483,1.372873888,0.437270376,0.306022134,0.20340209,,,,76,1,1.00636722,0.942554071,0.637767469,0.460393756,0.146638779,0.102624633,0.068210965
153,76.5,2.971276921,2.978475424,2.84029428,1.897572012,1.36889038,0.427458817,0.3013346,0.205645606,,,,76.5,1,1.002422697,0.955917053,0.638638559,0.460707775,0.143863675,0.101415858,0.069211188
154,77,3.017104518,3.000157227,2.830249755,1.910911627,1.352174622,0.429143821,0.291482383,0.202775326,,,,77,1,0.994382929,0.938068184,0.63335944,0.448169632,0.142236975,0.096609972,0.067208585
155,77.5,3.037356151,3.014311269,2.834332773,1.936946315,1.354982085,0.425361078,0.299310389,0.202934055,,,,77.5,1,0.992412848,0.933157862,0.637708,0.446105763,0.140043201,0.098543066,0.06681273
156,78,3.0394101,3.061829944,2.841359506,1.92963601,1.364793339,0.423222617,0.283264637,0.201567935,,,,78,1,1.00737638,0.934839134,0.634871882,0.44903231,0.139244986,0.093197241,0.06631811
157,78.5,3.029331295,3.060301911,2.875705906,1.949664598,1.393054254,0.429377343,0.296145604,0.194453289,,,,78.5,1,1.010223582,0.949287359,0.643595701,0.459855367,0.141739975,0.097759398,0.064190169
158,79,3.10438419,3.066667524,2.899117808,1.954186022,1.363312743,0.419124115,0.292742244,0.19832628,,,,79,1,0.987850516,0.93387855,0.629492325,0.439157224,0.135010388,0.094299618,0.063885868
159,79.5,3.146388371,3.137692967,2.922939996,1.937963516,1.352980991,0.41583519,0.287616675,0.190868914,,,,79.5,1,0.997236386,0.928982583,0.61593271,0.430010803,0.132162703,0.091411689,0.060662859
160,80,3.118233705,3.129040143,2.894571869,1.927523205,1.361445317,0.411750729,0.290326677,0.193555204,,,,80,1,1.003465564,0.928272908,0.618145844,0.436607851,0.132046141,0.093106132,0.062072065
161,80.5,3.179032915,3.165889503,2.943176713,1.950399898,1.375855358,0.404419615,0.283814394,0.196776169,,,,80.5,1,0.995865594,0.92580882,0.613519882,0.432790536,0.127214668,0.08927696,0.061898123
162,81,3.233754534,3.2026194,2.949378377,1.947162826,1.323641937,0.416329463,0.293236141,0.186929283,,,,81,1,0.990371831,0.912060067,0.602136868,0.409320474,0.128744918,0.090679777,0.05780565
163,81.5,3.242125521,3.218519179,2.979172478,1.939388106,1.336704978,0.397837811,0.298999206,0.188500083,,,,81.5,1,0.992718869,0.91889486,0.598184152,0.41229279,0.122708948,0.092223205,0.058140896
164,82,3.23654664,3.253392159,2.983929766,1.975881639,1.35511568,0.414861688,0.289577459,0.187213328,,,,82,1,1.005204782,0.921948638,0.610490705,0.418691844,0.128180352,0.089471122,0.057843544
165,82.5,3.243637308,3.238096016,3.027039915,1.9495499,1.317601368,0.398330532,0.306954065,0.192473129,,,,82.5,1,0.998291643,0.933223918,0.601038191,0.406211066,0.12280366,0.094632672,0.059338671
166,83,3.224518095,3.275134264,3.025343039,1.939578328,1.349362653,0.406319994,0.284970099,0.183240282,,,,83,1,1.015697282,0.938231063,0.601509519,0.418469555,0.126009525,0.088376027,0.056827184
167,83.5,3.330650148,3.288143524,3.098578759,1.957092599,1.333549572,0.397329952,0.296416057,0.182342197,,,,83.5,1,0.98723774,0.930322496,0.587600772,0.400387165,0.119295013,0.088996455,0.054746728
168,84,3.34812543,3.348459396,3.063899723,1.968006458,1.336397374,0.403718748,0.285982205,0.176250952,,,,84,1,1.000099747,0.915109002,0.587793528,0.399147942,0.120580533,0.085415619,0.052641681
169,84.5,3.360567469,3.289420931,3.11263408,1.963176625,1.346688786,0.405198008,0.302234983,0.182876873,,,,84.5,1,0.978829011,0.926222761,0.584180095,0.400732554,0.120574281,0.089935699,0.05441845
170,85,3.353545265,3.348297655,3.145745445,1.93760157,1.319947425,0.393491595,0.308747267,0.175478182,,,,85,1,0.998435205,0.938035779,0.577777074,0.393597617,0.117336002,0.092065931,0.052326171
171,85.5,3.355807766,3.353647943,3.133374571,1.95201987,1.309193082,0.396729468,0.312892279,0.183628953,,,,85.5,1,0.999356393,0.933716944,0.581684055,0.390127556,0.11822175,0.093239035,0.054719747
172,86,3.44325605,3.355355772,3.126957288,1.958624473,1.31717725,0.401084766,0.30608556,0.181715433,,,,86,1,0.974471757,0.908139634,0.568829168,0.382538281,0.116484153,0.08889422,0.052774301
173,86.5,3.529652313,3.426165522,3.17601388,1.963115815,1.289705622,0.395219572,0.28862878,0.172198542,,,,86.5,1,0.970680741,0.899809272,0.556178241,0.36539169,0.111971247,0.081772581,0.048786262
174,87,3.461330673,3.464251661,3.168614215,1.997307149,1.309059414,0.387831748,0.292550349,0.169386936,,,,87,1,1.000843892,0.915432391,0.577034481,0.378195422,0.112047009,0.084519619,0.048936941
175,87.5,3.536944584,3.514427073,3.167068825,1.983161132,1.309172948,0.385338265,0.282491106,0.168020816,,,,87.5,1,0.993633626,0.895425062,0.560698955,0.370142341,0.10894665,0.079868683,0.047504509
176,88,3.556781003,3.484567968,3.190454095,1.97034387,1.293302372,0.379018517,0.296591205,0.179497178,,,,88,1,0.979697081,0.897006055,0.553968284,0.363615969,0.10656223,0.083387536,0.050466188
177,88.5,3.557746189,3.533669648,3.214520865,1.994067767,1.312404528,0.385816794,0.300385921,0.171300457,,,,88.5,1,0.993232642,0.903527316,0.560486235,0.368886497,0.108444159,0.084431521,0.048148588
178,89,3.597947393,3.582076686,3.236887347,1.967600789,1.2914364,0.401869422,0.287225319,0.1647539,,,,89,1,0.995588955,0.899648325,0.546867581,0.358936988,0.111694079,0.079830328,0.045791081
179,89.5,3.631907968,3.623091767,3.295196625,1.988161152,1.290550878,0.402225447,0.277509137,0.169182256,,,,89.5,1,0.99757257,0.907290783,0.547415069,0.355336889,0.110747698,0.076408637,0.046582198
180,90,3.607022789,3.627375466,3.289157087,1.987638342,1.327332015,0.388941945,0.29563496,0.172461897,,,,90,1,1.005642514,0.911875882,0.551046794,0.367985481,0.107829079,0.081960935,0.04781281
181,90.5,3.679776234,3.63670089,3.290806989,1.998655856,1.264273902,0.375854953,0.280537887,0.172950622,,,,90.5,1,0.988294032,0.894295408,0.543146031,0.343573582,0.102140709,0.076237757,0.047000309
182,91,3.692995135,3.68539074,3.308363758,2.034779953,1.279971996,0.355077415,0.278139067,0.170423061,,,,91,1,0.99794086,0.895848393,0.550983654,0.346594552,0.096148899,0.075315308,0.046147654
183,91.5,3.745244597,3.693824862,3.321268916,2.025543976,1.279568012,0.373673425,0.268510294,0.164595171,,,,91.5,1,0.98627066,0.886796264,0.540830892,0.341651387,0.099772769,0.07169366,0.043947776
184,92,3.727099997,3.70742591,3.331534336,2.046159595,1.278335999,0.374466558,0.274385081,0.162761015,,,,92,1,0.994721342,0.893867709,0.548995089,0.34298409,0.100471294,0.073618921,0.043669613
185,92.5,3.784920532,3.73260553,3.35124936,2.055989989,1.294131855,0.377346702,0.274647969,0.165777301,,,,92.5,1,0.986178045,0.885421327,0.54320559,0.341917841,0.099697391,0.072563734,0.043799414
186,93,3.712772862,3.721876111,3.421558364,2.079360027,1.300537594,0.363133769,0.26660537,0.16516326,,,,93,1,1.002451874,0.921564149,0.560055814,0.350287411,0.097806621,0.071807617,0.044485151
187,93.5,3.74004522,3.745486989,3.425700389,2.072977048,1.283915163,0.363191633,0.277725014,0.167532091,,,,93.5,1,1.001455001,0.915951596,0.554265237,0.343288674,0.097108888,0.074257127,0.044794135
188,94,3.826799519,3.766645314,3.377181734,2.04884504,1.260733192,0.369590212,0.271969514,0.164390491,,,,94,1,0.984280806,0.882508142,0.535393879,0.329448456,0.096579455,0.071069705,0.042957696
189,94.5,3.842680516,3.789570402,3.394107389,2.085768012,1.250825557,0.351457443,0.265345509,0.165083896,,,,94.5,1,0.986178889,0.883265568,0.542789858,0.325508601,0.091461531,0.069052191,0.042960609
190,95,3.886686146,3.768128947,3.473346075,2.078091948,1.263946092,0.362985341,0.264883161,0.157501215,,,,95,1,0.969496585,0.893652316,0.534669348,0.325198908,0.093391987,0.068151415,0.040523265
191,95.5,3.753284591,3.843813717,3.485235154,2.09745996,1.271795139,0.353045469,0.271132557,0.154484929,,,,95.5,1,1.024119974,0.928582704,0.558833179,0.338848576,0.094063069,0.072238742,0.04115993
