,TIME,A3,A3.1,A1,A1.1,C3,C3.1,D3,D3.1,Unnamed: 9,Unnamed: 10,Unnamed: 11,TIME.1,1,2,3,4,5,6,7,8
0,0.0,1.0,1.0,1.0,1.0,1.0,1.0,1.0,1.0,,,,0.0,1,1.0,1.0,1.0,1.0,1.0,1.0,1.0
1,0.5,1.0131033588885752,1.0054955668352104,1.0053623062618235,1.0086210585825606,1.0141853070856177,1.0017060512762883,0.9975476068563626,0.9862806564632123,,C4_4 removed,,0.5,1,0.9924906062282619,0.9923590692313528,0.995575673235422,1.0010679544071688,0.9887501038148859,0.9846454442227118,0.9735242192318968
2,1.0,1.009389750447929,1.0101266525442036,1.016456969484613,1.017924856858034,1.003386470635325,1.0003861063414758,0.9925496793699559,0.998825988075481,,D2_3&4 removed,,1.0,1,1.0007300471358538,1.007001476915679,1.0084557094088953,0.994052565116755,0.9910801114213239,0.9833165820531661,0.9895345060044841
3,1.5,1.010516052914246,1.0217988176801267,1.0187997086527143,1.0243948265081317,1.0116888296512427,0.9994411401292235,1.0005768902543097,0.9952916589833425,,D1 4 removed,,1.5,1,1.0111653493611923,1.008197450910927,1.0137343425211904,1.0011605720993888,0.989040339583836,0.9901642703930604,0.9849340404964397
4,2.0,1.0426177116713506,1.0184695258421608,1.023130084044959,1.0205606406947076,1.022277932883724,1.0104004124931212,1.00391778216663,0.9858811236093183,,,,2.0,1,0.9768388877736601,0.9813089424740807,0.9788445268771765,0.9804916235740697,0.9690996049486018,0.9628819565680663,0.9455825587586828
5,2.5,1.0282481255823221,1.0264335173046573,1.0204791411844945,1.0461555307351655,1.0157527745511203,0.9978329237598351,1.004646819301197,1.0074497510602987,,,,2.5,1,0.9982352428051963,0.9924444458447926,1.0174154512975182,0.9878479223833981,0.9704203673551438,0.9770470709414042,0.9797730003055003
6,3.0,1.0130042917045734,1.0275526391083876,1.0370994979375847,1.0374314906148936,1.0156931955184554,0.9924559701603535,1.003193133884378,0.9799987706681419,,,,3.0,1,1.01436158516104,1.023785887612052,1.0241136183828172,1.002654385411692,0.9797154644728667,0.9903147914569185,0.9674181824235972
7,3.5,1.0391291583369546,1.0298593777783926,1.0311186077585814,1.0357823581290515,1.0262258347672477,0.9952519772181283,0.9910296735181529,1.0094043887147337,,,,3.5,1,0.9910792797178384,0.9922910924844093,0.9967792259691188,0.9875825603908972,0.9577750457998423,0.9537117359926833,0.9713945380285612
8,4.0,1.0359115662301595,1.0382530932086835,1.0359345775866178,1.0541527905518362,1.0180007570866803,0.984190022271764,0.9911228147172847,1.0027352633843505,,,,4.0,1,1.0022603541217763,1.000022213630206,1.017608862490125,0.9827100983063068,0.9500714678313535,0.9567639237045418,0.9679738078738298
9,4.5,1.0592854441156059,1.0432180160364806,1.038313279767865,1.0539984336250783,1.029741188303709,0.9909896033885252,0.9909750566893424,1.0074436044010082,,,,4.5,1,0.9848318239730558,0.9802015930038097,0.9950088897002246,0.9721092591463265,0.9355264993902558,0.9355127668318943,0.9510596128715049
10,5.0,1.0511961836085044,1.0471090021450706,1.0420044845944363,1.0637963722486008,1.0263230658292866,0.9912778748231011,0.9944251822592837,1.0121519454176655,,,,5.0,1,0.9961118756639665,0.9912559623432847,1.011986524339199,0.9763382723728748,0.9429998798324037,0.9459939046255481,0.962857325017287
11,5.5,1.0631133905918801,1.0511138889788036,1.05754049957648,1.0656117546569006,1.0289061386836953,0.9764160032787915,1.007450320630044,0.9760833486999816,,,,5.5,1,0.9887128675837712,0.994757952383332,1.0023500447714515,0.967823515148144,0.918449538797719,0.9476414553194122,0.9181366327787055
12,6.0,1.0735349008063002,1.0420485244494264,1.0716713385098642,1.074733422086601,1.01699912935493,0.9865815789430195,0.9837978202033502,0.9941176470588236,,,,6.0,1,0.9706703747281757,0.998264087832602,1.0011164250732794,0.9473368109328278,0.9190027992588106,0.9164097221845781,0.9260226624324661
13,6.5,1.0651407004748004,1.0617695746420521,1.0669721781558112,1.0797440879288736,1.0208307612559253,0.9693656100386546,0.9930217248189598,1.013332104001475,,,,6.5,1,0.9968350417637355,1.0017194701884873,1.0137102895866843,0.9583999191852087,0.9100822169376752,0.9322915971348268,0.9513598565426794
14,7.0,1.0788602050955602,1.0608115260787274,1.0778134930010752,1.079018903950926,1.0198204440965273,0.9890813269189772,0.9946670567868724,1.003921568627451,,,,7.0,1,0.983270604540248,0.9990297982170987,1.0001470986274368,0.9452758005901205,0.9167835853500307,0.9219610215382535,0.9305390669577329
15,7.5,1.0853786273041826,1.0736826622816518,1.06888342813639,1.0950413620078592,1.0225585054332413,0.9902316582961633,0.9977733889254626,0.9933370213289077,,,,7.5,1,0.9892240691604729,0.9848023549083855,1.0089026395587652,0.9421214677619264,0.9123375321620795,0.9192860111901133,0.91519861948647
16,8.0,1.0957970406406368,1.0818837818593168,1.091527435559906,1.0895756902100568,1.0232899692913047,0.9852408110381573,0.9853295296613269,0.996078431372549,,,,8.0,1,0.987303069578299,0.9961036533934837,0.9943225340096349,0.9338316598236639,0.8991088445193784,0.8991898071610714,0.9089990157212059
17,8.5,1.0891340756472323,1.0970701345057474,1.0987621021901408,1.0921494539868106,1.0181188055003805,0.9818956394607401,1.0048735766708117,0.9878419079230438,,,,8.5,1,1.0072865765895709,1.008840074659483,1.0027686015955257,0.9347965767165534,0.9015378927311917,0.9226353294231955,0.9069975221700833
18,9.0,1.1127321939026684,1.0933254896958045,1.1015905965225843,1.1049578850694217,1.0237949365558145,0.9914242966601168,1.009469192694999,0.9800049173274326,,,,9.0,1,0.9825594115877971,0.9899871708204943,0.9930133154447702,0.9200730797273641,0.8909819470423603,0.9071986936537743,0.88071947832324
19,9.5,1.1178040583861513,1.0976223216385186,1.0998063421878692,1.1098822503215247,1.02108298080027,0.9901306834175893,1.0059644502962475,0.9745220972401499,,,,9.5,1,0.9819451928124412,0.9838990419982313,0.9929130619940101,0.9134722433146968,0.8857819722421721,0.8999470370045228,0.8718183566511047
20,10.0,1.133496458342623,1.109180169401823,1.113971771244698,1.1114853978701977,1.0270487564632478,0.9820357813544076,1.0095901299587935,0.9815723154465548,,,,10.0,1,0.9785475386695476,0.9827748142005898,0.9805812710658052,0.9060890741246593,0.8663774589912011,0.8906866206137044,0.8659685773361755
21,10.5,1.1413248270198966,1.1179498345388155,1.1260302566138458,1.1204261970227065,1.0152456622268229,0.9828749250125185,1.0026118547777534,0.9925502489397013,,,,10.5,1,0.9795194217038848,0.986599283530889,0.9816891479950031,0.8895326187529996,0.8611701960246451,0.8784631956142271,0.8696474705902445
22,11.0,1.1482181503676019,1.1121707446665914,1.128245571526616,1.1415934892686084,1.0037310588238053,0.9999053050647744,1.0079994148196914,0.9905956112852665,,,,11.0,1,0.9686057865489498,0.9826055886378458,0.9942304856469368,0.8741640763146454,0.870832171347104,0.8778814500510904,0.8627242227168482
23,11.5,1.1181767106771199,1.1317724732607681,1.132732590285245,1.1488673259375615,1.0363317420743061,0.9816122157017313,0.9966976324580011,0.9956911918372364,,,,11.5,1,1.0121588676045803,1.0130175127680048,1.0274470170657164,0.9268049782996715,0.8778685929769625,0.8913596777153798,0.8904596047562898
24,12.0,1.1586211845525882,1.1435448209479977,1.129965105831714,1.1455525445229129,1.0300330803352562,0.9962017911059476,1.0100504718016239,0.9862806564632123,,,,12.0,1,0.98698766792322,0.9752670854780373,0.9887205238399625,0.8890162669803181,0.8598166548203067,0.8717693800771162,0.8512537744112397
25,12.5,1.1703618071142632,1.1465761340868008,1.1577795966892064,1.1524989900530422,1.031432903218619,0.9911377329294337,0.999302172481896,1.0101973077632307,,,,12.5,1,0.9796766496626285,0.9892492985087402,0.9847373547627422,0.8812940553501157,0.8468643857861882,0.8538403820147332,0.8631495847032579
26,13.0,1.1698253572452035,1.1598595663615066,1.1562048788079944,1.1706744341055504,1.0509176755204883,0.9980105249647028,0.9908970326481846,0.9980392156862745,,,,13.0,1,0.9914809583994955,0.988356827493222,1.000725815058708,0.8983543304235357,0.8531277927800234,0.8470469771501847,0.8531523184251498
27,13.5,1.1791029777496713,1.1684449329464042,1.1612608364528068,1.174031061243812,1.02972549139837,0.991877333976752,0.999302172481896,0.9839264859548835,,,,13.5,1,0.9909608872130845,0.9848680381327537,0.9956984957195689,0.873312603589222,0.8412134925396922,0.8475105154844688,0.8344703596904793
28,14.0,1.1768883665443406,1.1822655842376173,1.1561949069408484,1.1732215210021746,1.0285685890351506,0.9939042683232495,1.0042069587691707,1.0098039215686274,,,,14.0,1,1.0045690125301057,0.9824168033334769,0.9968842877146175,0.8739729427824182,0.8445187297089346,0.8532729078780779,0.8580286374430586
29,14.5,1.182261959168771,1.1873401967545738,1.178556648241817,1.1736271479064246,1.0222710650684745,0.9711760516013029,0.9944368858654572,0.996078431372549,,,,14.5,1,1.0042953573414246,0.9968659137696021,0.9926963637835244,0.8646739050854825,0.8214558914541417,0.8411307478459591,0.8425192265112509
30,15.0,1.191497739770835,1.1785441090378297,1.1799154072245341,1.1862854454974292,1.0401728718449328,0.977921537065713,0.9922809840782191,0.9956850451779458,,,,15.0,1,0.989128279223176,0.9902791821086219,0.9956254266378983,0.8729960931734482,0.8207498045726886,0.832801398573419,0.835658358335996
31,15.5,1.1875614879044996,1.1936260525005409,1.1919800471577569,1.216635842749707,1.0410394176398396,0.9909649794001333,0.9929007875551653,0.9874546683877312,,,,15.5,1,1.0051067373418638,1.00372069934758,1.024482399556852,0.8766193820218909,0.8344536173438322,0.8360836871757934,0.8314977190192779
32,16.0,1.2174191965318213,1.2207666473080814,1.186009450303,1.2058469300655466,1.0325084702705687,0.9806800848122875,0.9967951625094482,0.9921568627450981,,,,16.0,1,1.0027496287111262,0.9741997281476248,0.9904944274747418,0.8481125262456634,0.805540185012726,0.8187772669833974,0.8149673223254162
33,16.5,1.2351748366612612,1.2174637780498667,1.206357135624358,1.2235865296815418,1.0516260464821425,0.9768038173241602,0.9917811425645527,0.9639375499416067,,,,16.5,1,0.9856610917857845,0.9766691320276579,0.9906180836625177,0.8513985350646714,0.7908223097909842,0.802947982040653,0.7804057541741846
34,17.0,1.2456994508118884,1.2333032935702213,1.219434030573785,1.234997145519171,1.0601702595478009,0.9739751986307521,0.9878633603979227,0.9600036879955745,,,,17.0,1,0.9900488378367769,0.9789151225674982,0.9914085975668191,0.8510642425480975,0.7818701356863895,0.7930190221678911,0.770654339913122
35,17.5,1.2360542646648205,1.2406520794122424,1.2146281933414447,1.23202518889118,1.0491156626925824,0.9890861745945442,0.9819608416843439,0.9643186428176287,,,,17.5,1,1.003719751534265,0.9826657518719973,0.9967403730654713,0.8487618162759788,0.800196401460379,0.7944318220936856,0.7801588250489325
36,18.0,1.2604393134837097,1.2536665401187226,1.2168513571650912,1.2327466157011309,1.05238495253918,0.9821089922729153,0.9887635627727794,0.9749031901161718,,,,18.0,1,0.9946266565216313,0.9654184411321268,0.9780293287536078,0.8349350431085084,0.7791799111362836,0.784459475514097,0.7734630137976665
37,18.5,1.2566838651406598,1.246954906301642,1.242424702692364,1.2560947851028317,1.055883542699899,0.9733008208547003,0.9879413844390802,0.9847071116847993,,,,18.5,1,0.9922582288920143,0.9886533416686306,0.9995312424594851,0.8402141318029214,0.7744993373856673,0.786149493793732,0.7835758371693439
38,19.0,1.2633691605663242,1.260540332242094,1.2476582118091553,1.246675212995066,1.045019838987433,0.9682367626781865,0.9784487845317339,0.9643186428176287,,,,19.0,1,0.997760885406636,0.9875642454734875,0.9867861682140675,0.8271690267625238,0.7663925896720162,0.7744757550462364,0.7632912634857719
39,19.5,1.275123034742482,1.2668737370456946,1.2446965672667734,1.261548215904107,1.0685828883559703,0.9515272656961399,0.9673879013971179,0.9529596164484602,,,,19.5,1,0.9935305868751297,0.9761384065327834,0.9893541105693251,0.8380233587198715,0.7462238856725742,0.7586623996581531,0.7473471896309327
40,20.0,1.2447117554954208,1.2856087052068759,1.2727348659336373,1.2608032576019654,1.0827013659632954,0.9495735422681503,0.9752010338185452,0.9411949105661073,,,,20.0,1,1.0328565625984445,1.0225137348582867,1.0129278943783575,0.8698410384437625,0.7628862972296752,0.7834753946148723,0.7561549141082005
41,20.5,1.2559372957849595,1.305297078651493,1.2698418123001274,1.2804698845501374,1.092340443029812,0.9690058353894638,0.9766205837173579,0.9737291781916528,,,,20.5,1,1.0393011522407922,1.0110710276395427,1.0195332910707497,0.8697412256931987,0.7715399794572039,0.7776029798581394,0.7753007904610979
42,21.0,1.2833117123989723,1.299878163811492,1.2855112453730269,1.2913662377146968,1.0886904333681127,0.9555308397551263,0.9748543144856509,0.961583379433278,,,,21.0,1,1.012909140665093,1.0017139506737165,1.0062763592336172,0.8483445002874302,0.7445820298553144,0.75963953657315,0.7492983739981083
43,21.5,1.2816817228703044,1.313700245518103,1.273736988354145,1.2928160591204567,1.0868977627456342,0.9522245597566908,0.9410655158120594,0.9725551662671339,,,,21.5,1,1.0249816487794596,0.9938013202697723,1.0086872864389587,0.8480247032871353,0.7429493163280819,0.7342427523305546,0.7588117618538814
44,22.0,1.283916384088272,1.3215565347221796,1.2876258772430338,1.276171845898768,1.095637887036152,0.9626495962382037,0.9486528661643868,0.954914254102895,,,,22.0,1,1.0293166682039319,1.0028892015093305,0.9939680353911806,0.8533561068419426,0.7497759263519294,0.7388743363050385,0.7437511242455199
45,22.5,1.3147433496970948,1.3273771400618553,1.310106443821889,1.2830920618242492,1.095086282987975,0.9623040891796025,0.9513461585350985,0.9517794578646506,,,,22.5,1,1.0096093206082168,0.9964731474958408,0.975925880986477,0.8329277978399915,0.7319330342315927,0.7235983804400153,0.7239279499561128
46,23.0,1.3152523122628377,1.3477246253042463,1.3090703741921381,1.2820341142221543,1.1038368591355499,0.9488044695568728,0.9629410187013874,0.9341323990411212,,,,23.0,1,1.0246890370301203,0.9952998082473896,0.9747438588543267,0.8392586341372354,0.7213858973754577,0.7321340625850616,0.7102305697026183
47,23.5,1.3141827194967222,1.3536235781938315,1.3005751872085791,1.310458444948259,1.0998201073159046,0.9585058802855503,0.9520834857240388,0.9486385149671154,,,,23.5,1,1.0300117008936274,0.9896456313979276,0.997166090762562,0.8368852298842359,0.7293551087421226,0.7244681212127394,0.721846742384807
48,24.0,1.332924883735337,1.35921072503541,1.318736314633638,1.3011198529566261,1.105613149012665,0.9330645627754706,0.9395572135664302,0.9321716147273957,,,,24.0,1,1.019720422073906,0.9893553123099199,0.9761389173787636,0.8294639574244707,0.7000128620606787,0.7048838423163438,0.6993429458043534
49,24.5,1.3410847630098686,1.3480252286596996,1.3298091254706,1.3180904265332942,1.1158658684897196,0.9496713771750501,0.9474517835808158,0.9027721433400946,,,,24.5,1,1.0051752624750236,0.9915921514804462,0.9828539275735511,0.832062147947548,0.7081367288400561,0.7064816555326443,0.6731656105867273
50,25.0,1.3709912987927715,1.3544774136428368,1.3275653749984597,1.3211435940370362,1.106034150911523,0.9372377503920832,0.9357369614512473,0.9094351220111869,,,,25.0,1,0.9879547848593379,0.9683251645487827,0.9636411224494067,0.8067404599033146,0.683620495051551,0.6825258207511689,0.6633412792714232
51,25.5,1.3597167424926282,1.362778118651362,1.3356290727944962,1.3237054175547216,1.1138280449835767,0.9278277510696561,0.9188676761026991,0.886305243100375,,,,25.5,1,1.002251480814395,0.9822847884817726,0.9735155684912059,0.8191618225879244,0.6823684095915193,0.6757787466956051,0.6518307934309929
52,26.0,1.3728932041566506,1.389039665267468,1.3328127268616519,1.3258676174252122,1.130496535686438,0.9413027467039937,0.9179630848755272,0.8737660581473969,,,,26.0,1,1.0117609010387199,0.9708058302177848,0.9657470904589949,0.823440987444385,0.6856343551370575,0.6686340074349915,0.6364413892514964
53,26.5,1.3899910985949662,1.407912537058899,1.3569970227714854,1.3250721310216185,1.1175272250021102,0.9425200090563394,0.9031716772730597,0.8663286004056795,,,,26.5,1,1.0128932037637135,0.9762631027948079,0.953295407690762,0.8039815694731653,0.6780762912863683,0.6497679576408839,0.6232619772035833
54,27.0,1.390711164721701,1.4024576523961891,1.3684769188444046,1.3398403395514316,1.1121700023655925,0.9380800340218686,0.911982542120791,0.8867047759542689,,,,27.0,1,1.0084463891370563,0.9840123194223829,0.9634209989387341,0.7997131471854919,0.6745326116725253,0.6557670386598862,0.6375908948222975
55,27.5,1.4190734377625458,1.4064128222685786,1.3688861270366315,1.3388184472089588,1.116245876344053,0.9293825328333617,0.9001979860044376,0.8773003872395353,,,,27.5,1,0.991078252078392,0.9646337466473583,0.9434454987191325,0.7866019098377592,0.6549220837356521,0.6343561665305922,0.6182205683609832
56,28.0,1.4177552882506275,1.437578040077441,1.3795621995380662,1.3351610717672706,1.1122525719304508,0.9148710160232204,0.8711525613829761,0.856524678837052,,,,28.0,1,1.0139817865544856,0.9730608737424018,0.9417429670918244,0.7845166095644494,0.6452954354006202,0.6144590456494745,0.6041414099706307
57,28.5,1.4167966542206805,1.4404815538442934,1.3999964572748689,1.348962073236173,1.1266604671791447,0.9163311028517004,0.8844624875039622,0.83849038047821,,,,28.5,1,1.0167172187716953,0.9881421254802069,0.9521211595309558,0.7952167756909848,0.6467626106554685,0.6242691813741382,0.591821259586068
58,29.0,1.4149255664759044,1.4591452062172396,1.3902399663863025,1.3558182255005993,1.1379474202144724,0.9111771974155278,0.8780923121936947,0.8032147028090233,,,,29.0,1,1.0312522727619313,0.982553428480987,0.9582258301243921,0.804245429707451,0.6439753574352032,0.6205925831001289,0.5676727609138877
59,29.5,1.4265536138401778,1.4619587664625215,1.397366101062898,1.3646261556174064,1.1382824673520946,0.9037358501583483,0.8716236315314657,0.8208494683139713,,,,29.5,1,1.0248186624595452,0.9795398416897145,0.9565894631495362,0.7979247721983064,0.6335099090496554,0.6109995608122423,0.5754073736522981
60,30.0,1.4154646402243305,1.4911984357084158,1.4145266396857008,1.3672966811589533,1.1202338765263844,0.9092154863402969,0.8755189817862629,0.8145798758374823,,,,30.0,1,1.0535045477872782,0.9993373196956152,0.9659702138106797,0.791424840078551,0.6423441889697785,0.6185382219420937,0.5754858529764355
61,30.5,1.439603614583352,1.5017529651575408,1.4161836304936348,1.3781363857237972,1.142780210854386,0.8935751221696874,0.8575227366932436,0.8169278996865204,,,,30.5,1,1.0431711548544396,0.983731644007788,0.9573026712097104,0.7938158804811892,0.6207091404312045,0.5956658680253638,0.5674672468247133
62,31.0,1.45789181420664,1.496267266406125,1.436420928786001,1.399148190984442,1.1494201619479922,0.872420802477603,0.834941603881696,0.8071362714364743,,,,31.0,1,1.0263225651077328,0.9852726483464598,0.9597064592518032,0.7884125219356467,0.5984125803960012,0.5727047753101331,0.5536324873843291
63,31.5,1.468310322831647,1.5043262000195927,1.4499851125180219,1.3972736170885245,1.1500333504261806,0.8917615406353651,0.8464628288591421,0.8145860224967729,,,,31.5,1,1.0245287911062892,0.9875195249746084,0.9516201005751103,0.7832358953986873,0.6073386032699113,0.576487691802597,0.5547778353324098
64,32.0,1.4534780748464105,1.5236693130747776,1.4590604759922443,1.3960567363757752,1.144373444451906,0.8911946931173474,0.8387823373076829,0.7832196201364559,,,,32.0,1,1.0482919140254554,1.0038407191979306,0.9604938392505832,0.7873345076586947,0.613146292703122,0.5770863364391082,0.5388589162029286
65,32.5,1.4835474046161203,1.5240063875667476,1.4632997115994044,1.402591151732487,1.1641881434450754,0.8870804488286529,0.8528095969570625,0.7863605630339909,,,,32.5,1,1.0272717830416052,0.9863518395477526,0.9454306261925068,0.784732688569745,0.5979454691292403,0.5748448578747868,0.5300542204362306
66,33.0,1.4876236977441595,1.5256145978053346,1.4741730114261926,1.400728070820156,1.1782454784357566,0.8855829026889727,0.8299212444834564,0.76715225275063,,,,33.0,1,1.0255379771905924,0.9909582736962556,0.9415876292803264,0.7920319367205929,0.5953003464732884,0.5578838558043633,0.5156897230892086
67,33.5,1.4915588932086876,1.5490542868756276,1.4776771215231066,1.430127259176047,1.1836609866683616,0.8745049724481256,0.8232267817521274,0.7416682033314894,,,,33.5,1,1.0385471830369728,0.9906931119188206,0.9588138059366285,0.7935730811956299,0.5863026773061998,0.5519237527263684,0.4972436601118645
68,34.0,1.5264407613875293,1.5565166815667528,1.4866795945997349,1.4328621831608397,1.168111460150182,0.8672540617186222,0.8268607514690464,0.7420554428668018,,,,34.0,1,1.0197032999511129,0.973951713165959,0.9386949165707374,0.765251747528265,0.5681544175551833,0.541692001671544,0.48613445188156273
69,34.5,1.5209069115948322,1.5623997483787913,1.4834119228974427,1.4479438462326417,1.1710320545323911,0.849870186960524,0.8062204666812961,0.7334316798819842,,,,34.5,1,1.0272816412810233,0.9753469535764868,0.9520266067528874,0.7699564290259158,0.5587917185998879,0.5300919211655686,0.482233116498171
70,35.0,1.5517702315086288,1.575677940253162,1.5045943117630263,1.447024587427053,1.1783243233550857,0.86359114704267,0.805994684612196,0.7428422152560084,,,,35.0,1,1.0154067324266751,0.969598643673079,0.9324992566845788,0.7593420078754317,0.556519985696006,0.5194033680028834,0.47870631886901077
71,35.5,1.5552286671546973,1.579530467794496,1.5258188182058303,1.4541002430744232,1.1665475335452604,0.8671545191078294,0.8024353253846342,0.7401008052123671,,,,35.5,1,1.0156258697856044,0.9810896946732132,0.9349752057584629,0.7500810383591167,0.557573646513535,0.5159597056892578,0.47587909150773766
72,36.0,1.5884759554988834,1.5994819195850232,1.5569498958211114,1.466876042308337,1.1763015439765017,0.8343110213556635,0.7945173481579011,0.7451963857643371,,,,36.0,1,1.0069286312128554,0.9801532660481028,0.9234486913260476,0.7405220959778818,0.5252273529652743,0.5001758732371694,0.46912663876633726
73,36.5,1.594260542384892,1.5962761759779194,1.5454795430058703,1.4756716321539625,1.1752168616852992,0.8548267148790036,0.7824748250554702,0.7063925256623025,,,,36.5,1,1.0012643062657829,0.9694021158511212,0.9256151004944716,0.737154831623233,0.5361900970090172,0.4908073707230737,0.44308474485957816
74,37.0,1.5916469960861586,1.6164513986557196,1.5470731866738887,1.4883855285691652,1.1562214843445597,0.8359046946983506,0.7693789773974107,0.7122625852848976,,,,37.0,1,1.015584110440666,0.9719951663139651,0.9351228835470979,0.7264308525619656,0.5251822148716584,0.4833854361484077,0.4475003484041015
75,37.5,1.6227382774070658,1.6258147819893642,1.5667761362035166,1.4906856209347352,1.1672872018363778,0.8504321868029745,0.7620773900958233,0.6958018317044686,,,,37.5,1,1.0018958723197275,0.9655137603009096,0.9186235646802303,0.7193317727745707,0.5240723033672808,0.46962433850610114,0.4287825346772947
76,38.0,1.6040150920459102,1.6183977528557332,1.5779339858376717,1.4901025188422863,1.1537752999789106,0.8491694774921873,0.7447789725209081,0.7020714241809576,,,,38.0,1,1.0089666617734114,0.9837401117124327,0.9289828544827909,0.7193045163354904,0.5294024237696402,0.464321673913272,0.4376962708533311
77,38.5,1.6250099270389713,1.643956143356962,1.5778716030690583,1.5013736458591824,1.1678676288238394,0.833429570710785,0.737585643576427,0.6883643739627512,,,,38.5,1,1.0116591388167786,0.9709919778423713,0.9239165994480575,0.7186833811851732,0.5128766026860079,0.4538960847583413,0.4236062577273368
78,39.0,1.6386456778053855,1.6522383064387909,1.6107678284126288,1.5069464431561703,1.192673550377314,0.8359095423739178,0.7526072221003096,0.672284713258344,,,,39.0,1,1.0082950382852807,0.9829872621211847,0.9196292179370966,0.727841025385454,0.5101222025578094,0.4592861240803842,0.41026850548846244
79,39.5,1.6361854161551126,1.6649587232024818,1.601387810668197,1.5209232894428864,1.2000032442632078,0.8181197849615188,0.7358515592616975,0.673858258036757,,,,39.5,1,1.0175856029293942,0.9787324803513486,0.9295543612758255,0.7334151939106673,0.5000165487870111,0.4497360458027318,0.41184712403821744
80,40.0,1.6519437705234896,1.6764482162711078,1.6344190412970578,1.5537351037733502,1.209856888844695,0.8078546666864982,0.7222997586131227,0.6926731821255148,,,,40.0,1,1.0148337045030613,0.9893914493101189,0.9405496309847049,0.7323838198568343,0.4890327873753806,0.4372423392984077,0.41930796585528535
81,40.5,1.6756029111471826,1.6937258184043715,1.6239286906355797,1.541448652187726,1.2013304212629488,0.8201664956208413,0.7346119523078047,0.6773864404696048,,,,40.5,1,1.0108157530263429,0.9691608195665972,0.9199367236312513,0.7169541263451682,0.48947545397812875,0.4384164932041452,0.40426430150198284
82,41.0,1.6709601011675121,1.682061589623038,1.649283632850987,1.5361781522564497,1.2080551029829638,0.793216504352166,0.7142179308999586,0.653475935828877,,,,41.0,1,1.0066437782971414,0.9870275368625621,0.9193386192663192,0.7229706455222281,0.4747070284909494,0.42742967375518376,0.3910781205202258
83,41.5,1.6915514679725836,1.7060939675256312,1.6452482613189061,1.5633029123096098,1.190738401826922,0.7861352071802888,0.7078316631312024,0.6272112606798206,,,,41.5,1,1.008597136905611,0.9726267822585533,0.9241828829384148,0.7039327057864144,0.46474211519115916,0.4184511535907194,0.37079052724985506
84,42.0,1.7051917943116148,1.7128155808295746,1.6512557319819277,1.546950784005182,1.2056928398604596,0.7752737697232913,0.692361446370663,0.6472124900116787,,,,42.0,1,1.0044709261112985,0.9683695039410736,0.9072004622387274,0.7070716877025539,0.4546548794742875,0.40603142044216145,0.37955407255109275
85,42.5,1.708703399248061,1.7289025938626998,1.6817750030672365,1.5598866936716171,1.1817026327385833,0.7787687785455101,0.7044039694730939,0.6315262155018747,,,,42.5,1,1.0118213580095456,0.9842404502778688,0.9129066486073987,0.691578557904554,0.4557659210417784,0.41224472882951885,0.3695938193719207
86,43.0,1.7407741238584948,1.7495963554905065,1.7002284756343555,1.5708103724545914,1.1925720664939252,0.7740613550465129,0.6775978348328578,0.6146597824082611,,,,43.0,1,1.0050679933203837,0.9767082657833469,0.902363121628226,0.6850814532160795,0.4446650168091741,0.38925086577627627,0.35309565668740717
87,43.5,1.7426351716722392,1.743377408427391,1.7276580015226353,1.5965956274180608,1.201407217603705,0.748188484236516,0.6710521054299856,0.6150531686028644,,,,43.5,1,1.0004259277944216,0.9914054471107502,0.9161961455684162,0.6894198149638114,0.42934315592778466,0.3850789404107123,0.3529443102038719
88,44.0,1.7520912494585583,1.7610572023741367,1.7205014690589504,1.6064256333735907,1.1994639669844747,0.763399002811101,0.6607919440177504,0.6072161780072531,,,,44.0,1,1.0051172865102482,0.9819702424691807,0.9168618551516754,0.684589896419573,0.43570733148003055,0.37714470877127676,0.34656652625535267
89,44.5,1.7359299232445733,1.7591907375424989,1.7239044139274504,1.6102692495777935,1.2001686414213442,0.7409701851426457,0.6452554068222272,0.6013338250660766,,,,44.5,1,1.0133996274771562,0.9930725836589956,0.9276118972406955,0.6913692916694159,0.4268433738141463,0.37170590712337054,0.34640443546369776
90,45.0,1.7655506574688185,1.773354356547998,1.7158346151435224,1.6106169985491743,1.1775781979998419,0.7413483038368801,0.6421446858313217,0.6127051447538263,,,,45.0,1,1.0044199802742375,0.9718410558683309,0.9122462681746188,0.6669750273198486,0.41989636530719204,0.36370787953030603,0.34703345506507927
91,45.5,1.7611785245731728,1.8149081110060812,1.7314196523334302,1.6161389519541922,1.17259367453032,0.7253575849321022,0.6452007899934168,0.5962505378326879,,,,45.5,1,1.0305077456278489,0.983102864460061,0.9176462972973558,0.6658005751089328,0.4118592038293761,0.36634604669040194,0.33855201475227564
92,46.0,1.798586769924557,1.8064114324038978,1.7444254048082484,1.6247387713718693,1.1727011154227593,0.7259865157497124,0.6302221246921708,0.602520130309177,,,,46.0,1,1.0043504503703589,0.9698867099313866,0.9033418896103745,0.6520125328576442,0.4036427532379572,0.3503985102251174,0.3349964207367377
93,46.5,1.7695643542453974,1.8314158132181575,1.7515701103294348,1.629376724929494,1.1866032349649602,0.7179130977032484,0.6177899690342087,0.5844735386317537,,,,46.5,1,1.0349529299821003,0.9898312576918764,0.920778450933657,0.6705623517551971,0.40570047423304423,0.34911980881173177,0.33029233281600157
94,47.0,1.82466385929752,1.841932942429176,1.7631433227198916,1.652807602257944,1.1741832809048058,0.7320170241551961,0.6072791553897545,0.5519331243469174,,,,47.0,1,1.0094642544946906,0.9662839068883003,0.9058148402710519,0.6435066244786897,0.40117911056616007,0.33281700204417475,0.30248482290837225
95,47.5,1.8426303270721025,1.8217885739451858,1.7677858798361212,1.6689552125266622,1.1906798742041778,0.7169594827970868,0.5912525296857094,0.5656586145429958,,,,47.5,1,0.988689129435944,0.9593817348296294,0.905746089167323,0.6461848894542732,0.38909567060926376,0.3208741986924725,0.3069843181414551
96,48.0,1.30603713350511,1.2950676055313246,1.136327304405409,1.0049235836260597,0.5975860639626751,1.0485603780746244,0.9753112427766806,0.4010879586944496,,,,48.0,1,0.9916009065191388,0.870057424290657,0.7694448785916759,0.4575567176707208,0.8028564817759233,0.7467714491081616,0.30710302824087377
97,48.5,0.704342056154608,0.6631455491426206,0.5044394698958103,0.60679512538268,0.22669395905619916,0.4041973158200036,0.16087972106405288,0.12349253180896183,,,,48.5,1,0.9415106528823483,0.7161853612005278,0.8615063094421899,0.3218520846161687,0.5738650876915399,0.22841135164125234,0.1753303394705347
98,49.0,1.8573846142877815,1.8940617400973903,1.844495656578807,1.7239067671642987,1.1307887099843683,0.6250221588351917,0.4723838782824958,0.4167004732927654,,,,49.0,1,1.019746651031495,0.9930606953401966,0.9281366680348727,0.608806975833582,0.3365065878263765,0.2543274422802477,0.22434797299780054
99,49.5,1.8513089438340797,1.9010182868760555,1.836411854319928,1.7101745710700431,1.1203415283832359,0.6178739306881552,0.46468826957306225,0.41081812035158893,,,,49.5,1,1.0268509171348934,0.9919532125830388,0.9237650888934044,0.6051618408232811,0.33374976810112095,0.2510052528621658,0.22190684149171797
100,50.0,1.8723682333053804,1.8972014929829257,1.8430502180282784,1.719062982016215,1.1049038944242757,0.6220957052348837,0.46041937922122256,0.39592476489028217,,,,50.0,1,1.0132630212560838,0.9843417471223886,0.9181222750086246,0.5901103611834604,0.33225072620286267,0.24590215270231455,0.21145667708287136
101,50.5,1.8643439153911738,1.9165127068835188,1.8315540883717716,1.7337958133215055,1.094480614161536,0.6225716588360181,0.4452885670397191,0.4025877435613744,,,,50.5,1,1.0279823862226616,0.9824121361146383,0.9299763841896751,0.5870593966735443,0.3339360585224379,0.23884464843831632,0.215940707204177
102,51.0,1.853887457238975,1.9108670734310562,1.8680649179936148,1.7532408270305582,1.1025119416787943,0.6363626898649978,0.45498793065613335,0.39082918433831215,,,,51.0,1,1.030735207776281,1.0076474225548484,0.9457104961709426,0.5947027352570708,0.34325853351030444,0.2454237062123255,0.21081602489526546
103,51.5,1.8977166528371978,1.9180505594002586,1.8701694172679253,1.7443650570930265,1.0979171508994123,0.6240071216761058,0.4402906395533124,0.3857274571270515,,,,51.5,1,1.0107149328813974,0.9854840102034791,0.9191915212869626,0.5785464069454003,0.3288199641095938,0.2320107371640819,0.20325871965678663
104,52.0,1.8852356759147688,1.94480280533959,1.8963572079522057,1.7556461800425107,1.0991666639334245,0.6068039880945495,0.44053251408090116,0.3955313786956789,,,,52.0,1,1.0315966487298294,1.005899279426717,0.931260851081986,0.5830393928865569,0.3218716873688014,0.23367503581065138,0.20980473887104648
105,52.5,1.9092473235282408,1.9381074898439616,1.8929061516709607,1.761262484618687,1.1054174487522177,0.6144489928127701,0.4492609660351596,0.3849468313971357,,,,52.5,1,1.0151159915009795,0.9914410397983002,0.9224904824608676,0.5789807507544042,0.32182786653186657,0.23530789358653476,0.2016222972546918
106,53.0,1.9210567344752256,1.9492322203020094,1.9320661226541,1.7724605175958628,1.0959579453464237,0.624430687328782,0.44488284202569917,0.37828385272604337,,,,53.0,1,1.0146666599279175,1.005730902154684,0.9226487098414848,0.5704974380393851,0.3250454169951194,0.2315823546706587,0.1969144616800602
107,53.5,1.942058045645712,1.9657861369629606,1.91964654050547,1.794407363310757,1.088983432109789,0.6144212288527039,0.4250003657376929,0.37671645460692116,,,,53.5,1,1.0122180134473577,0.988459920036638,0.9239720549722998,0.5607368093612849,0.3163763463354237,0.21884019722818593,0.193977958306425
108,54.0,1.9234540433030065,1.986925954248382,1.925323044295181,1.7912578662646441,1.0928367329856559,0.6045685486114439,0.4294877234047741,0.3637777368000492,,,,54.0,1,1.0329989225198122,1.0009716899650822,0.9312714657786408,0.5681636828239512,0.31431400750977273,0.22328982847297268,0.1891273347895333
109,54.5,1.9403044586363414,1.9726396648681994,1.9346902171496292,1.8204469995949248,1.116514333088539,0.5871392268949042,0.4237607587838002,0.36652529350298113,,,,54.5,1,1.0166650167131932,0.9971065151854271,0.9382274990360775,0.5754325451961454,0.30260159650797763,0.21839910581951763,0.18890091803457354
110,55.0,1.9367642376673153,2.0012846578510537,1.9352402101579373,1.8095020314702035,1.115319579850515,0.5921102978400851,0.42903177041425894,0.3794640113098531,,,,55.0,1,1.0333135127801865,0.9992131063349179,0.9342913279158905,0.5758675001113365,0.3057214122010208,0.221519874267709,0.195926795801893
111,55.5,1.9688940394584002,2.008607758601636,1.9511851118751076,1.834331124055749,1.0922184551233896,0.5971989800049909,0.4135776461122083,0.36338435060544594,,,,55.5,1,1.0201705720812484,0.9910056472169706,0.9316555829283395,0.5547370418287391,0.30331697289777326,0.21005581703420387,0.18456267494486653
112,56.0,1.9623011033235742,2.0198839303908,1.9651090730730925,1.8491117721313979,1.1122606046975383,0.5869466970527785,0.4236398215200059,0.36691867969758435,,,,56.0,1,1.0293445419613214,1.0014309576368083,0.9423180616876451,0.5668144418884994,0.2991114340498812,0.21588930506255222,0.18698388288939427
113,56.5,1.996160755324575,2.0328913593356055,1.971595876455464,1.8607127708585933,1.1024711746004443,0.6052349387402544,0.40459122717187235,0.3708341016657447,,,,56.5,1,1.0184006242548627,0.9876939375731205,0.9321457532392184,0.5522957866292602,0.30319949789907746,0.20268469164753514,0.1857736661120999
114,57.0,2.0151046618849113,2.050949201822861,1.9858359974090558,1.8745854213275037,1.1051432740838383,0.5966512477531299,0.4195303928022822,0.36456450918925565,,,,57.0,1,1.0177879296375707,0.9854753626303073,0.9302670262169077,0.5484297143405429,0.2960894582989191,0.20819285505987423,0.1809159177113139
115,57.5,2.0222823591850645,2.057690259418354,2.004036797997965,1.8800862348422924,1.0852980178427192,0.5953559268067093,0.41837319874186235,0.3653512815784621,,,,57.5,1,1.0175088805341497,0.9909777380471974,0.9296853262369978,0.5366698734790282,0.2943980221667091,0.20688169327178307,0.18066284360295298
116,58.0,2.052359637321206,2.072556256945313,2.0288478481929557,1.8799233610673913,1.0877555066299158,0.5712067902713761,0.41053324555628706,0.37318827217407335,,,,58.0,1,1.0098406825279747,0.9885440208915146,0.9159814522181488,0.5300023869353049,0.278317103827344,0.20002987687485702,0.18183376119263803
117,58.5,2.0242235546215186,2.07248067441956,2.067969465325762,1.9037790608638403,1.0816431457631166,0.5659731185372359,0.41154268158876456,0.3637838834593399,,,,58.5,1,1.023839817340266,1.0216112052467559,0.9404984229717658,0.534349648927664,0.2796001050600655,0.203308908568507,0.1797152703952992
118,59.0,2.051033633009326,2.0958714397183558,2.0850577564651718,1.9112868690096485,1.0794954350951005,0.5754022331258198,0.40476678126447707,0.36652529350298113,,,,59.0,1,1.021861078232658,1.0165887691494968,0.9318652011597499,0.5263177637468766,0.2805425634496182,0.19734770544478758,0.1787027221807213
119,59.5,2.0803430465203,2.115601203858988,2.0763799349692285,1.920687580335856,1.0925457949415343,0.5649938329854575,0.3930207495184454,0.35790153051816337,,,,59.5,1,1.0169482419727183,0.9980949720971738,0.9232552215599764,0.5251757861613201,0.27158685868203236,0.18892112537681427,0.1720396696673704
120,60.0,2.1303291525691272,2.1419337454224925,2.083256002809535,1.9178540817447534,1.0793632101788138,0.5564833529168409,0.39675127398629706,0.3563341323990411,,,,60.0,1,1.005447323874515,0.9779033443245974,0.9002618583292005,0.5066649953492525,0.2612194234143278,0.18623942385045253,0.16726717182145795
121,60.5,2.1346749052690193,2.1405267647743287,2.132024882386883,1.935460812325047,1.0713219589803187,0.5428976870527951,0.3777421793089996,0.3496711537279489,,,,60.5,1,1.0027413352219887,0.9987585824541267,0.9066770811554247,0.5018665635390073,0.254323356550808,0.17695536607312823,0.1638053423801701
122,61.0,2.1274599371334344,2.1610159079303726,2.1041718233743247,1.95198959971527,1.0589153729807674,0.5538291954566262,0.38755077658303466,0.3469235970250169,,,,61.0,1,1.0157727862279522,0.9890535594336557,0.9175212024652294,0.4977369277315572,0.2603241479615651,0.18216595754335346,0.1630693913289225
123,61.5,2.128351210384282,2.1626700808469,2.1541972452733753,1.9722071148858615,1.056375725379835,0.5390342548874761,0.3905800599809816,0.3598623148318889,,,,61.5,1,1.016124627502818,1.0121436888625288,0.9266361234289767,0.4963352477851164,0.2532637716263715,0.18351297383407925,0.16908032521893526
124,62.0,2.144810512130585,2.2053175081917793,2.1473975101004497,1.976956467554686,1.0689964962639784,0.5485597721151786,0.38268548996659596,0.345350052246604,,,,62.0,1,1.0282108819026108,1.0012061662115292,0.9217394526805268,0.4984106941932469,0.25576141529176727,0.17842391568029412,0.16101657945696304
125,62.5,2.1685729243064933,2.2182672281191187,2.159439869038377,1.9710155161903926,1.059747151887601,0.5232537488231992,0.3761353717114086,0.3343782654127482,,,,62.5,1,1.0229156710644247,0.9957884490921435,0.9088998087628161,0.48868412033065783,0.24128944106896247,0.17344833899542308,0.15419276966195725
126,63.0,2.1379737411995667,2.2433592274466356,2.1655385129715974,1.992977010581953,1.0607270825237354,0.5012977447842041,0.3644985736229976,0.34417604032208493,,,,63.0,1,1.0492922266612776,1.0128929421539876,0.9321803033295164,0.496136627912271,0.23447329362564467,0.17048786268931723,0.16098235150866533
127,63.5,2.1604929990160864,2.237391795090936,2.1672926374001404,2.000216105546033,1.053775376034346,0.5198662702590147,0.3669114670957989,0.33790030118630526,,,,63.5,1,1.035593170683668,1.0031472624012903,0.9258146665862627,0.48774764672426507,0.24062390875405187,0.16982765843855763,0.15639962792760218
128,64.0,2.1541123674989713,2.2509208622191093,2.14075791413988,2.0221153520315505,1.052105771907675,0.5174532295710413,0.35783190695633094,0.33515889114266395,,,,64.0,1,1.0449412464181418,0.9938004843384302,0.9387232451477563,0.4884173118272473,0.2402164517405513,0.1661157107471562,0.15559025434304508
129,64.5,2.204024219081991,2.3010490167440416,2.2109423930123797,2.0127508652174604,1.0548790972460382,0.5074486187705304,0.35659230000243824,0.3465302108304137,,,,64.5,1,1.044021656759499,1.003138882899059,0.9132163103252109,0.47861502070308964,0.2302373151697445,0.1617914616886398,0.15722613564325924
130,65.0,2.220542228526625,2.32018641289321,2.1994780876088464,2.0257683205418373,1.0522630078139839,0.5097461415532283,0.35717357910906306,0.34300202839756594,,,,65.0,1,1.0448738074360786,0.990513965171581,0.912285429440347,0.4738766028836937,0.22955930988597104,0.16084971252541996,0.1544676899142579
131,65.5,2.192986725967833,2.3544646267986513,2.26025919621795,2.029379244779202,1.0656212427464675,0.4988569401361646,0.35495135688684076,0.32261970618968594,,,,65.5,1,1.0736337794108413,1.03067618670625,0.9253951338367422,0.48592234058150807,0.22747832179239644,0.16185750359715004,0.147114299584875
132,66.0,2.2196920904638446,2.3194436284788593,2.259978945899306,2.082751846342396,1.076999000841952,0.5018160053721059,0.354709482359252,0.3210400147519823,,,,66.0,1,1.0449393582306137,1.0181497495118985,0.93830664860691,0.4852019816031753,0.22607460175579686,0.15980121021430907,0.1446326795194802
133,66.5,2.18233350384244,2.354058112546117,2.269804295577661,2.095567015476366,1.067923516085184,0.5016512394900466,0.34774291078438546,0.32614174196324297,,,,66.5,1,1.0786885269374828,1.040081312769662,0.9602414167159583,0.4893493658072373,0.22986919213162793,0.15934453197557277,0.1494463341139218
134,67.0,2.262917454174893,2.3447680881329815,2.3300234235074075,2.086250542147521,1.0377526364549692,0.5099109074352878,0.3367761441494161,0.3061528059499662,,,,67.0,1,1.0361704019769173,1.0296546253636913,0.9219295817876889,0.4585905838237283,0.22533341041430605,0.14882387491779353,0.13529119472967957
135,67.5,2.232051132671683,2.3886778236453425,2.3331294022880242,2.1026919509003617,1.0292959577362881,0.507649136259897,0.3430951161826738,0.31829860470834104,,,,67.5,1,1.0701716410887876,1.0452849256617853,0.9420447050348334,0.46114353863581015,0.22743615897914474,0.1537129285080497,0.1426036348581985
136,68.0,2.238029140586496,2.454782994041772,2.307384519215366,2.124624211280135,1.0199543189592462,0.5038429397186035,0.3315792553580572,0.30262462351711844,,,,68.0,1,1.0968503267113285,1.0309894886403022,0.9493282159513606,0.4557377294434861,0.2251279621795125,0.14815680874966797,0.13521925073674998
137,68.5,2.271107211194288,2.4197474308848235,2.3403618053245085,2.16148337779284,1.0347958571461504,0.5117356165885254,0.3362528954234023,0.30457926117155326,,,,68.5,1,1.0654483500197118,1.0304937581937412,0.9517311059288122,0.45563496608422593,0.22532428855237674,0.14805681289109193,0.13411047249125096
138,69.0,2.2921455025509854,2.460719070889854,2.3837645613369616,2.151133656395935,1.0331760761540931,0.5150807881659425,0.32062760588106215,0.3041920216362407,,,,69.0,1,1.07354400850699,1.039970873875158,0.938480412348119,0.4507462877047927,0.2247155721976185,0.13988100036591383,0.13271060728810535
139,69.5,2.330090621786355,2.454084118032781,2.4009131122887157,2.166213139633721,1.025602749787287,0.5152209300596099,0.3247326457464706,0.29243346241317847,,,,69.5,1,1.0532140231315839,1.030394736513752,0.9296690520873399,0.44015573480185616,0.22111626270767862,0.13936481384467164,0.12550304253359273
140,70.0,2.328263371942112,2.4774313804333863,2.3565184200276343,2.1981361661649497,1.0293233999352618,0.5049606594601562,0.3319957086777363,0.2912594504886594,,,,70.0,1,1.0640683568228995,1.012135675210126,0.9441097569350081,0.44209921108566663,0.21688296330451018,0.14259370854629877,0.1250972952624799
141,70.5,2.4126456734274697,2.495986428183058,2.386037316615421,2.2047682246187814,1.039613317509341,0.4947753074831034,0.31875210299173434,0.2818427684553445,,,,70.5,1,1.0345433047519126,0.9889712952444243,0.9138383845177845,0.43090178096166026,0.20507582730961577,0.13211724643300252,0.11681896416018314
142,71.0,2.397024782746309,2.5188875368913486,2.395130929477134,2.2036875700976175,1.066663410590393,0.47456281403159695,0.31594957696340187,0.2990964410842707,,,,71.0,1,1.050839171552252,0.9992099150234878,0.9193428394898854,0.4449947360862493,0.1979799363976049,0.13180905731037684,0.12477820139247421
143,71.5,2.4086942477201427,2.549061251795461,2.4314220364735943,2.2200901602484566,1.0548726712441563,0.4941415289899262,0.329017628556799,0.29047267809945293,,,,71.5,1,1.0582751439740337,1.009435730074485,0.9216986183903573,0.437943783127562,0.20514912984810627,0.13659584601417055,0.12059342042867778
144,72.0,2.439478105208635,2.5352023380063917,2.429397794322103,2.252102330995217,1.0463389100355553,0.48070399266678904,0.3184287908711872,0.29282070194849097,,,,72.0,1,1.0392396359669602,0.9958678412136559,0.9231902209684342,0.4289191642267549,0.19705198076605698,0.13053152237410787,0.12003415866831388
145,72.5,2.440039698244344,2.5822383577733246,2.4664731561890405,2.225708113161573,1.0590012564400322,0.4799755192383861,0.3146436495745251,0.29125330382936876,,,,72.5,1,1.0582771909945954,1.0108332081497344,0.9121606155682684,0.4340098471356856,0.1967080779807549,0.12895021740872384,0.11936416609899059
146,73.0,2.4607489205337707,2.5342748383924705,2.4580118293534263,2.2520941668958185,1.071549409561298,0.4770036186796364,0.31343086338478043,0.2767533345626652,,,,73.0,1,1.029879488006745,0.9988876999365905,0.9152068088309099,0.4354566207952919,0.19384489603927885,0.12737214299652844,0.11246711610977099
147,73.5,2.462216890055945,2.57302533070491,2.5107529476276733,2.265955107865279,1.0720385775562533,0.48193238263804994,0.31768805013044643,0.2693035835023665,,,,73.5,1,1.0450035255206325,1.0197123404391175,0.9202906198136726,0.43539567204085544,0.19573108469217743,0.1290252095229629,0.10937443593616464
148,74.0,2.50499734290358,2.6062951708249305,2.5236244984599527,2.2692106977923094,1.0596001127514303,0.4883784690489687,0.31479140760246754,0.28066875653082546,,,,74.0,1,1.0404382975528168,1.0074359981295555,0.9058734949243631,0.42299450566411856,0.19496167148939242,0.12566536587124202,0.11204353462726555
149,74.5,2.52590282363938,2.6085242838369087,2.5253636014660588,2.294734390856159,1.062962225174513,0.4829314445026533,0.309119059810304,0.27910135841170325,,,,74.5,1,1.032709674902887,0.9997865229935708,0.9084808684563137,0.42082467117360123,0.19119161670947987,0.12237963270689806,0.11049568328585478
150,75.0,2.5285169615690473,2.619976055826591,2.539065342049107,2.3154508675620686,1.0495659837030211,0.48097942877855654,0.31413307975519955,0.267342799188641,,,,75.0,1,1.0361710424124622,1.0041717657584999,0.9157347578658273,0.4150915337549181,0.19022195068847364,0.12423609749497873,0.1057310681525917
151,75.5,2.542376691522973,2.6198402755388237,2.568033194195985,2.3384545638401724,1.039137415210773,0.48356522299583043,0.3186043449637919,0.2716516073514045,,,,75.5,1,1.03046896405011,1.0100915425942025,0.9197907499849505,0.40872677077144426,0.1902020359957587,0.1253175212100205,0.10684947209324658
152,76.0,2.5701337986369035,2.6671414323803693,2.615169379764597,2.3439921674088873,1.0521740243662254,0.4573874444101067,0.31185624070416695,0.2716454606921138,,,,76.0,1,1.0377441959616713,1.0175226601632874,0.9120117282034295,0.40938492187615155,0.177962503217804,0.12133852364789843,0.10569312027108617
153,76.5,2.575770330072965,2.6677930088746002,2.5997288576325435,2.3455959314855366,1.0510149337619916,0.48534448519062656,0.31191085753297737,0.26851681111315995,,,,76.5,1,1.0357262748651308,1.0093014999357104,0.9106386171546171,0.40803907145409934,0.18842692592738966,0.12109420389361412,0.10424718693982067
154,77.0,2.5916230824862563,2.6879273689069296,2.6524547602706883,2.381257991609686,1.0434764455852295,0.46488916726298585,0.30947016799551363,0.25871288954453253,,,,77.0,1,1.0371598351131694,1.0234724247501583,0.9188288249559972,0.4026343385490213,0.17938147348842007,0.11941171927617865,0.09982658793744731
155,77.5,2.6084121189803025,2.7209416637565216,2.6611711499216986,2.403708173580991,1.0308853211428368,0.4720876900440312,0.3021290810230902,0.2591062757391358,,,,77.5,1,1.0431410143962259,1.0202264935657563,0.9215216246275777,0.3952156615289141,0.18098661887393117,0.11582873688732917,0.09933486884749919
156,78.0,2.6285079147054637,2.7212727759562734,2.6884350584328645,2.4095418206977675,1.0446846201838444,0.47313049116318323,0.31452271231073076,0.25087589894892126,,,,78.0,1,1.035291832576127,1.0227989207839672,0.9166956687546317,0.39744396976674357,0.17999964486171222,0.11965827097232631,0.0954442242860939
157,78.5,2.641172229864951,2.7399958886029205,2.7060235368210357,2.43065785582095,1.0222643117364223,0.4661095695870056,0.2945622119815668,0.25165652467883703,,,,78.5,1,1.0374165901112107,1.024553986378768,0.9202950978873631,0.38704946999563633,0.17647829411368557,0.11152707447504413,0.0952821333774605
158,79.0,2.6577729792401525,2.7508757060993836,2.7008660054294102,2.458320729768503,1.0304369202262316,0.4680744206339107,0.29474946968034527,0.25008912655971477,,,,79.0,1,1.0350303534524792,1.0162139605323168,0.9249551218145531,0.38770689907489003,0.17611527556718987,0.11090092042572162,0.09409724928094285
159,79.5,2.667947877896376,2.782814965795515,2.7361747730111046,2.4924743605076376,1.026135116069544,0.4572504424881136,0.2886211688976666,0.24578031839695128,,,,79.5,1,1.0430544722596715,1.0255727991090007,0.9342290309182892,0.3846158782077224,0.17138657253253634,0.10818096233770454,0.0921233583433962
160,80.0,2.677585363848203,2.8314329269575174,2.754070437144154,2.5074278442460436,1.0225967128179003,0.48214573545022504,0.2941681905737205,0.24381953408322576,,,,80.0,1,1.057457575465757,1.0285649429999972,0.9364511317175672,0.38191003230919707,0.1800673629158509,0.10986323519148032,0.09105948119346247
161,80.5,2.7368325807986844,2.8569334836698435,2.748083874586727,2.5307515979097315,1.0105280309765279,0.46112357000456666,0.2893458171799186,0.24107197738029382,,,,80.5,1,1.043883174920444,1.0041110639602073,0.9247009172812417,0.3692326808977214,0.1684880446249284,0.10572287804885726,0.08808429827663856
162,81.0,2.7281190160989284,2.8556454881828612,2.7973485347717464,2.518217387701935,1.0042156617277231,0.4695751067452651,0.2895598956428449,0.23127420247095704,,,,81.0,1,1.046745201118934,1.0253762824364652,0.9230599445411505,0.368098186260107,0.1721241280069715,0.1061390261693571,0.08477423496049208
163,81.5,2.7490691031666428,2.854763730668805,2.7690654130375494,2.5545912947937386,0.9971489786923831,0.4716887483797471,0.29423451100870457,0.23793718114204931,,,,81.5,1,1.038447424759317,1.0072738476627863,0.9292568498373192,0.36272241303202263,0.17158126284872596,0.10703059834682835,0.08655190983303052
164,82.0,2.806133372838666,2.8776071058509536,2.8123896062739853,2.563266604601016,1.0180211598044382,0.46492662657418626,0.2798873527905786,0.23244821439547608,,,,82.0,1,1.0254705402473387,1.0022294854178617,0.9134514522408578,0.3627843101322781,0.1656822983092459,0.09974128653316516,0.08283576847964749
165,82.5,2.8249536819183,2.8978428449035434,2.804371736205874,2.5645680060820313,1.0130377309260639,0.4729920569734089,0.2779070050959452,0.24067859118569057,,,,82.5,1,1.0258018966653455,0.9927142360442351,0.9078265680945776,0.35860330645780897,0.16743356183178945,0.09837577404356979,0.08519735835890112
166,83.0,2.833814086277914,2.8836680922753932,2.816060920942448,2.5796485731400662,0.9828504424297413,0.46158459496844334,0.2901796991197913,0.23518962443911734,,,,83.0,1,1.0175925464690452,0.9937352399293123,0.91030974319431,0.3468295422727151,0.16288457214026827,0.10239898958965553,0.08299402052448268
167,83.5,2.7908514660178287,2.9336094327669473,2.853766586516696,2.556683676472292,0.9846991944055301,0.47186948955628893,0.2864759954160876,0.23440899870920157,,,,83.5,1,1.0511521191605424,1.022543342512111,0.9160944993322547,0.3528311006140947,0.1690772494709593,0.10264824155075887,0.08399192918843217
168,84.0,2.8201704018784386,2.9540581276969347,2.9034205647358347,2.595936138496672,0.9803745835015971,0.47578321635561666,0.2859108087679516,0.22735263384350604,,,,84.0,1,1.0474750482202484,1.0295195505923846,0.9204891083062179,0.34762955559302244,0.16870725827017774,0.10138068557045851,0.0806166300064963
169,84.5,2.87725753908105,2.974667205168304,2.894070676897574,2.654355766647138,0.9792496031248762,0.4779128332845812,0.27568478287372294,0.21912225705329152,,,,84.5,1,1.0338550389612897,1.005843459470748,0.9225297807351985,0.3403413110658258,0.16610012374395197,0.0958151222576246,0.0761566366851108
170,85.0,2.880643056023133,2.94647642700379,2.9344823013756756,2.668945002937753,0.9563965043037345,0.4725733389962998,0.2836071489527711,0.22421783760526154,,,,85.0,1,1.0228537065163303,1.0186900092463627,0.9265101406289333,0.33200798769705475,0.16405133499903668,0.09845272164483458,0.07783603634488652
171,85.5,2.8565044827179396,2.98113069979094,2.9201041079002903,2.6931227876427437,0.9413234082599434,0.47201761909719747,0.2913539609392144,0.20618353924641958,,,,85.5,1,1.0436289240318013,1.0222648434711492,0.9428036272781412,0.3295368216486334,0.1652430871202683,0.1019966755529099,0.0721803660711352
172,86.0,2.911120073082416,2.985840188751377,2.9650997240290793,2.668979249078658,0.9344972858377661,0.4558461590158778,0.2882817643186307,0.21284651791751186,,,,86.0,1,1.0256671362888319,1.0185425711037426,0.9168221104162945,0.32100952979527264,0.1565878931724066,0.09902778211871757,0.0731149909911277
173,86.5,2.9385555202924127,3.026523985508404,2.99160477947775,2.707610620754746,0.9674024589779393,0.45441868382303124,0.28451174017994296,0.2222509066322454,,,,86.5,1,1.0299359547942921,1.01805283542169,0.9214086996339326,0.32921020286922265,0.15464015591504376,0.09682027044077475,0.0756327063067127
174,87.0,2.984526807723727,3.0758743193539893,3.0155713149899195,2.7058994341642517,0.9495110608773116,0.4639473410224078,0.28605954209640844,0.22656586145429958,,,,87.0,1,1.0306070333809239,1.010401818869863,0.9066426969801683,0.3181445911023649,0.15545088749806088,0.09584753648588723,0.07591349518723185
175,87.5,2.971515712837437,3.1080359596271006,3.070734967460505,2.744580121550074,0.938632341158031,0.4451033794358297,0.2843478896935118,0.22539184952978056,,,,87.5,1,1.045942966479993,1.0333901160927483,0.9236296849089628,0.3158766205081752,0.14979001373370157,0.09569119505748602,0.07585080185039933
176,88.0,2.9969987305115584,3.079012485859831,3.082626837596122,2.779358948831443,0.9670983798393896,0.4559599692172602,0.2887260137029722,0.20892494929006086,,,,88.0,1,1.0273652953247243,1.0285712857375644,0.9273807561329976,0.32268895211521004,0.15213885964490625,0.09633838371819713,0.06971139065327513
177,88.5,2.9573042515961294,3.1079692314172194,3.0595879134273165,2.7789609724960695,0.9483694577285704,0.4486587638537478,0.28218028430009995,0.21323990411211508,,,,88.5,1,1.0509467295222574,1.0345867902418164,0.9396939699377216,0.3206871451311485,0.15171207480988663,0.0954180768339275,0.07210617710268542
178,89.0,3.030875199220045,3.1580285611265246,3.1449118095838147,2.794970737533076,0.9291409589469649,0.45515029722310824,0.29053080730500086,0.22029626897781057,,,,89.0,1,1.0419526881011798,1.0376249772320272,0.9221662238855379,0.30655863335648625,0.15017124338878587,0.0958570670873433,0.07268404487076896
179,89.5,3.055159774487738,3.1874827169279762,3.1500192472439075,2.8156558344379152,0.9630971722023796,0.4664256049816477,0.2852129812498476,0.2183354846640851,,,,89.5,1,1.0433113002944092,1.031048940074525,0.92160673819752,0.3152362702090967,0.1526681546662658,0.09335452228440969,0.07146450620596222
180,90.0,3.112293387820935,3.1593583750973036,3.1230189804345136,2.8074168050123722,0.9457640471197479,0.4529506093473101,0.275119596225587,0.21637470035035958,,,,90.0,1,1.0151222848914385,1.0034462022942792,0.9020411815924522,0.303880106811499,0.1455359610760997,0.08839770611028781,0.06952259102470215
181,90.5,3.0916062841476477,3.2075715309298407,3.1205095724566982,2.822814980069707,0.9461721659525972,0.45716924392236447,0.2879072489210738,0.21520068842584056,,,,90.5,1,1.037509707292552,1.0093489550908386,0.9130577184241795,0.3060454918868998,0.14787434165421406,0.09312545727356401,0.06960805117045205
182,91.0,3.1012430489296845,3.2089550768285466,3.1730939937883775,2.833477926274101,0.9389695765366677,0.44390760110020205,0.2877433984346427,0.21206589218759603,,,,91.0,1,1.0347318885361263,1.0231684339876201,0.9136587753907274,0.3027720051998921,0.14313860413275428,0.09278324655461946,0.0683809326910979
183,91.5,3.112706452408098,3.2321068959140993,3.1928486577290878,2.842888335708933,0.9349080628457416,0.4638366707926996,0.2780279423597396,0.2144139160366341,,,,91.5,1,1.0383590439161485,1.0257467919144734,0.9133171981281999,0.30035214599901133,0.1490139458649753,0.08932032191620495,0.06888343610774991
184,92.0,3.165778576971927,3.2775873144274423,3.1702762749658318,2.889778663283956,0.946565283839114,0.4603759813100072,0.2862619169531612,0.2175548589341693,,,,92.0,1,1.035317927245076,1.0014207241234814,0.9128176822928767,0.2989992069326925,0.1454226725326942,0.09042385940553406,0.06872080710782398
185,92.5,3.206882814053581,3.292029060105324,3.172691743802977,2.8839329776585756,0.9296522809113859,0.44701165590537784,0.27726379440665155,0.2242239842645522,,,,92.5,1,1.0265510936909217,0.9893382227436661,0.899294780906949,0.2898928133068516,0.1393913285344979,0.08645897292897431,0.0699196064420974
186,93.0,3.223678581401888,3.280962274839248,3.231990111443819,2.9107950930169846,0.9206975178039267,0.44625541851690875,0.2798254212079097,0.20931833548466408,,,,93.0,1,1.0177696665442524,1.002578275045745,0.9029420953472231,0.2856046266881672,0.13843049399882934,0.08680313937694788,0.06493151540983884
187,93.5,3.195943191850268,3.321266937989879,3.312062108458554,2.9222382234621023,0.9315828904912643,0.43764710354139225,0.2796498671153049,0.2112791197983896,,,,93.5,1,1.039213383535474,1.0363332229760505,0.9143586253078215,0.29148918944079577,0.13693832376539197,0.0875015137404253,0.06610853419959292
188,94.0,3.2283527920211843,3.3118996622330266,3.301946483018225,2.958702455004799,0.9424346219439206,0.43371740144758203,0.27584863336015414,0.20579015305181636,,,,94.0,1,1.0258791016949347,1.022796049793234,0.9164743278111298,0.2919242978255446,0.13434634607453894,0.08544562850810762,0.06374462963292706
189,94.5,3.231194477292845,3.339403783077086,3.2990218730126584,2.9569447519800587,0.9214603754726678,0.42245008133628376,0.2776534269621827,0.23127420247095704,,,,94.5,1,1.0334889486054397,1.0209914309387655,0.9151243519261775,0.28517638970610165,0.13074114984568191,0.08592903612375752,0.07157545115165054
190,95.0,3.2662155000523585,3.3491873988371017,3.3328760873956136,2.9728427406082245,0.8983889253080373,0.45781101006278285,0.2792709628654329,0.2046161411272973,,,,95.0,1,1.0254030693269973,1.0204091209971253,0.9101796071204025,0.27505500641143726,0.14016558615175392,0.08550292008012211,0.06264624643536755
191,95.5,3.278088584991626,3.3145109256464904,3.343334506651751,2.999985527373984,0.9024630087363443,0.45571400476945173,0.27128325165191525,0.20579015305181636,,,,95.5,1,1.011110846980042,1.0199036481072679,0.9151630438265437,0.27530159278433586,0.13901820922591568,0.08275653467510191,0.06277748380382529
192,96.0,3.2878826005689543,3.3645551045385007,3.375650234047557,3.042980186345778,0.9057830325237549,0.43685406788839104,0.27371955233706385,0.22381830475136763,,,,96.0,1,1.0233197207090905,1.0266942723147763,0.9255136378103047,0.27549129411342516,0.1328679034381566,0.08325101154454172,0.06807369116909369
